timestamp,value,dayofweek,month,day,quarter,dayofyear,weekend,lag_1,lag_2,lag_3,lag_4,lag_5,lag_6,lag_7,rolling_mean_7,rolling_std_7,rolling_mean_14,rolling_std_14,rolling_mean_30,rolling_std_30
2020-01-30,321.6009613692688,3,1,30,1,30,0,318.96660163474604,316.57626941305654,315.49714624199135,316.352524613406,318.14598317905734,319.69239946137026,320.3258204214877,318.1188408446995,2.1483857262180295,321.4328205783721,5.330150060764047,335.97288142070533,14.932916986624951
2020-01-31,323.1197704937521,4,1,31,1,31,0,321.6009613692688,318.96660163474604,316.57626941305654,315.49714624199135,316.352524613406,318.14598317905734,319.69239946137026,318.60846527789687,2.844540191527487,320.6387972307709,3.91674684780829,335.0760459135754,14.867673687621537
2020-02-01,323.3104982956382,5,2,1,1,32,1,323.1197704937521,321.6009613692688,318.96660163474604,316.57626941305654,315.49714624199135,316.352524613406,318.14598317905734,319.34625315169416,3.332500602360947,320.14132472230887,2.912129392055332,334.0981669681615,14.635091104796377
2020-02-02,322.54292409128595,6,2,2,1,33,1,323.3104982956382,323.1197704937521,321.6009613692688,318.96660163474604,316.57626941305654,315.49714624199135,316.352524613406,320.2305959342484,3.225296395271139,319.91489224346753,2.545781062357055,333.04714421513677,14.278941377602264
2020-02-03,322.2941111521133,0,2,3,1,34,0,322.54292409128595,323.3104982956382,323.1197704937521,321.6009613692688,318.96660163474604,316.57626941305654,315.49714624199135,321.20159092140875,2.5055921200949394,319.92882298749026,2.5591510334086944,331.9949222037412,13.848891831427688
2020-02-04,323.40491253544303,1,2,4,1,35,0,322.2941111521133,322.54292409128595,323.3104982956382,323.1197704937521,321.6009613692688,318.96660163474604,316.57626941305654,322.1771113674639,1.5528198719444315,320.13993349461725,2.722111584375981,331.02148685132926,13.368033733071012
2020-02-05,325.1742118553458,2,2,5,1,36,0,323.40491253544303,322.2941111521133,322.54292409128595,323.3104982956382,323.1197704937521,321.6009613692688,318.96660163474604,323.06391282754964,1.1282595823913029,320.50029533985446,3.0363741309713563,330.1348375343196,12.814832022392233
2020-02-06,326.7406713076378,3,2,6,1,37,0,325.1742118553458,323.40491253544303,322.2941111521133,322.54292409128595,323.3104982956382,323.1197704937521,321.6009613692688,323.79815710445945,1.5938601703587465,320.95849897457947,3.4621794486656117,329.28879781661453,12.132878186576201
2020-02-07,326.5360912718524,4,2,7,1,38,0,326.7406713076378,325.1742118553458,323.40491253544303,322.2941111521133,322.54292409128595,323.3104982956382,323.1197704937521,324.2862029299023,1.8534245544037482,321.44733410389966,3.741534196206337,328.403247836005,11.273939982088466
2020-02-08,324.5705771294729,5,2,8,1,39,1,326.5360912718524,326.7406713076378,325.1742118553458,323.40491253544303,322.2941111521133,322.54292409128595,323.3104982956382,324.46621419187875,1.8033827586043514,321.9062336717865,3.699225506446735,327.4346201336766,10.232020342127527
2020-02-09,321.5636407465099,6,2,9,1,40,1,324.5705771294729,326.5360912718524,326.7406713076378,325.1742118553458,323.40491253544303,322.2941111521133,322.54292409128595,324.32631657119646,2.0042465179797135,322.2784562527225,3.342379300263522,326.3981231922438,9.101203033253954
2020-02-10,318.74732154248056,0,2,10,1,41,0,321.5636407465099,324.5705771294729,326.5360912718524,326.7406713076378,325.1742118553458,323.40491253544303,322.2941111521133,323.8196323412489,2.866480098539747,322.5106116313288,2.9215076881058724,325.3662055559452,8.063349617653307
2020-02-11,316.9673537038974,1,2,11,1,42,0,318.74732154248056,321.5636407465099,324.5705771294729,326.5360912718524,326.7406713076378,325.1742118553458,323.40491253544303,322.8999810795995,3.876460366475904,322.53854622353174,2.8616571226353256,324.4060708697798,7.220716917740573
2020-02-12,316.05607010880533,2,2,12,1,43,0,316.9673537038974,318.74732154248056,321.5636407465099,324.5705771294729,326.5360912718524,326.7406713076378,325.1742118553458,321.5973894015223,4.471231113712545,322.33065111453595,3.223909266972258,323.53447004633534,6.544769029856236
2020-02-13,314.8949742109146,3,2,13,1,44,0,316.05607010880533,316.9673537038974,318.74732154248056,321.5636407465099,324.5705771294729,326.5360912718524,326.7406713076378,319.9051469591333,4.441746564662463,321.8516520317964,3.7892699184639898,322.7074012049128,5.973370933525258
2020-02-14,312.3310466330229,4,2,14,1,45,0,314.8949742109146,316.05607010880533,316.9673537038974,318.74732154248056,321.5636407465099,324.5705771294729,326.5360912718524,317.87585486787196,4.142182673385332,321.08102889888715,4.535171332855805,321.8408070587952,5.49564875426731
2020-02-15,308.3067752678154,5,2,15,1,46,1,312.3310466330229,314.8949742109146,316.05607010880533,316.9673537038974,318.74732154248056,321.5636407465099,324.5705771294729,315.5524546019209,4.318694255977115,320.00933439689976,5.612573397157787,320.88734794810654,5.2675417290571245
2020-02-16,303.6060836750393,6,2,16,1,47,1,308.3067752678154,312.3310466330229,314.8949742109146,316.05607010880533,316.9673537038974,318.74732154248056,321.5636407465099,312.9870893059965,5.3606660998839875,318.6567029385964,7.052254049031822,319.8663474919356,5.55177078373194
2020-02-17,299.7146338561893,0,2,17,1,48,0,303.6060836750393,308.3067752678154,312.3310466330229,314.8949742109146,316.05607010880533,316.9673537038974,318.74732154248056,310.26813392224057,6.628841223567125,317.04388313174474,8.574112861204826,318.847664840005,6.325810102931401
2020-02-18,297.35966542661765,1,2,18,1,49,0,299.7146338561893,303.6060836750393,308.3067752678154,312.3310466330229,314.8949742109146,316.05607010880533,316.9673537038974,307.46703559691497,7.4215358498778645,315.1835083382572,9.822470933110957,317.9025543943901,7.306739686986238
2020-02-19,296.3713997374579,2,2,19,1,50,0,297.35966542661765,299.7146338561893,303.6060836750393,308.3067752678154,312.3310466330229,314.8949742109146,316.05607010880533,304.65493982957963,7.353702120618163,313.1261646155509,10.557812078661863,317.04496502777886,8.246589478170897
2020-02-20,295.9196131255614,3,2,20,1,51,0,296.3713997374579,297.35966542661765,299.7146338561893,303.6060836750393,308.3067752678154,312.3310466330229,314.8949742109146,301.9441739602434,6.383200302084808,310.92466045968837,10.712803556712494,316.2273066174421,9.07215234166005
2020-02-21,294.5310365473913,4,2,21,1,52,0,295.9196131255614,296.3713997374579,297.35966542661765,299.7146338561893,303.6060836750393,308.3067752678154,312.3310466330229,299.4013153765818,4.937544101490799,308.6385851222268,10.538582035974024,315.374036301621,9.86193688127259
2020-02-22,292.11270242453713,5,2,22,1,53,1,294.5310365473913,295.9196131255614,296.3713997374579,297.35966542661765,299.7146338561893,303.6060836750393,308.3067752678154,297.08787639897054,3.7109907503125177,306.32016550044574,10.33227841169461,314.4335990350559,10.684363361307412
2020-02-23,289.55659738252416,6,2,23,1,54,1,292.11270242453713,294.5310365473913,295.9196131255614,296.3713997374579,297.35966542661765,299.7146338561893,303.6060836750393,295.08080692861125,3.3828872434471715,304.03394811730385,10.240591640221693,313.4290722990944,11.554146894089003
2020-02-24,288.0471289888097,0,2,24,1,55,0,289.55659738252416,292.11270242453713,294.5310365473913,295.9196131255614,296.3713997374579,297.35966542661765,299.7146338561893,293.4140205189856,3.5873990445767783,301.8410772206131,10.134024154636634,312.42577715941945,12.405847852015732
2020-02-25,288.3976470031754,1,2,25,1,56,0,288.0471289888097,289.55659738252416,292.11270242453713,294.5310365473913,295.9196131255614,296.3713997374579,297.35966542661765,292.13373217277956,3.5435037556343056,299.80038388484724,9.721899775017361,311.49394790574513,13.129499934526812
2020-02-26,290.2225908690649,2,2,26,1,57,0,288.3976470031754,288.0471289888097,289.55659738252416,292.11270242453713,294.5310365473913,295.9196131255614,296.3713997374579,291.2553309058663,3.0449966171629015,297.9551353677229,8.807850315063662,310.65146272664754,13.663796718719333
2020-02-27,292.4893498232188,3,2,27,1,58,0,290.2225908690649,288.3976470031754,288.0471289888097,289.55659738252416,292.11270242453713,294.5310365473913,295.9196131255614,290.76529329124594,2.370595649776022,296.3547336257447,7.419183163251659,309.8485654069863,14.007018647082836
2020-02-28,293.8430525651758,4,2,28,1,59,0,292.4893498232188,290.2225908690649,288.3976470031754,288.0471289888097,289.55659738252416,292.11270242453713,294.5310365473913,290.6670098652151,2.1963038975611093,295.0341626208984,5.832448226339674,309.011113771334,14.192881495761291
2020-02-29,293.90842782641363,5,2,29,1,60,1,293.8430525651758,292.4893498232188,290.2225908690649,288.3976470031754,288.0471289888097,289.55659738252416,292.11270242453713,290.92354206548316,2.4798725403177824,294.0057092322269,4.407370428333756,308.08802931990544,14.246261436391634
2020-03-01,293.30827380987256,6,3,1,1,61,1,293.90842782641363,293.8430525651758,292.4893498232188,290.2225908690649,288.3976470031754,288.0471289888097,289.55659738252416,291.45949584081865,2.5398913847737115,293.270151384715,3.4336398613940258,307.09431276377614,14.201246587957938
2020-03-02,293.45097813498074,0,3,2,1,62,0,293.30827380987256,293.90842782641363,293.8430525651758,292.4893498232188,290.2225908690649,288.3976470031754,288.0471289888097,292.2314742902717,2.115671232690995,292.8227474046286,2.895187446564949,306.09899542508754,14.071299897500227
2020-03-03,294.91238671712165,1,3,3,1,63,0,293.45097813498074,293.30827380987256,293.90842782641363,293.8430525651758,292.4893498232188,290.2225908690649,288.3976470031754,293.16215139226404,1.4878580401011074,292.6479417825218,2.6649087702742493,305.1779775126154,13.8605519966578
2020-03-04,297.41704219172067,2,3,4,1,64,0,294.91238671712165,293.45097813498074,293.30827380987256,293.90842782641363,293.8430525651758,292.4893498232188,290.2225908690649,294.1899301526434,1.599536634398692,292.72263052925484,2.789053956602268,304.34874188060235,13.541727697797434
2020-03-05,299.77173751082967,3,3,5,1,65,0,297.41704219172067,294.91238671712165,293.45097813498074,293.30827380987256,293.90842782641363,293.8430525651758,292.4893498232188,295.23027125087356,2.4508344630319066,292.99778227105975,3.2761842066794715,303.56096937978185,13.074279891530871
2020-03-06,300.5529218636365,4,3,6,1,66,0,299.77173751082967,297.41704219172067,294.91238671712165,293.45097813498074,293.30827380987256,293.90842782641363,293.8430525651758,296.1888240077965,3.0554325263938678,293.4279169365058,3.839801901849604,302.7402597133916,12.42755033790988
2020-03-07,299.39073213510767,5,3,7,1,67,1,300.5529218636365,299.77173751082967,297.41704219172067,294.91238671712165,293.45097813498074,293.30827380987256,293.90842782641363,296.9720103376099,3.0760459105075855,293.9477762015466,4.129768545337091,301.82859507430726,11.580515473782532
2020-03-08,297.28662812034224,6,3,8,1,68,1,299.39073213510767,300.5529218636365,299.77173751082967,297.41704219172067,294.91238671712165,293.45097813498074,293.30827380987256,297.54034666767706,2.6200294647617275,294.49992125424785,4.01259775419502,300.85361296925686,10.620074051337916
2020-03-09,295.3174449305715,0,3,9,1,69,0,297.28662812034224,299.39073213510767,300.5529218636365,299.77173751082967,297.41704219172067,294.91238671712165,293.45097813498074,297.8069847813329,2.194994773280039,295.0192295358023,3.557943563817104,299.87850856262685,9.667619473561237
2020-03-10,294.36564621028526,1,3,10,1,70,0,295.3174449305715,297.28662812034224,299.39073213510767,300.5529218636365,299.77173751082967,297.41704219172067,294.91238671712165,297.72887899464195,2.3212576310483977,295.445515193453,3.0204973444672785,298.97190874475274,8.800298033495752
2020-03-11,294.2783238181198,2,3,11,1,71,0,294.36564621028526,295.3174449305715,297.28662812034224,299.39073213510767,300.5529218636365,299.77173751082967,297.41704219172067,297.2804906555561,2.6686808868294465,295.73521040409975,2.6531943809520775,298.156275487274,8.001976434076465
2020-03-12,293.82301304803326,3,3,12,1,72,0,294.2783238181198,294.36564621028526,295.3174449305715,297.28662812034224,299.39073213510767,300.5529218636365,299.77173751082967,296.43067287515663,2.6902185396915907,295.83047206301507,2.5496088138455235,297.38479746541185,7.201490095430334
2020-03-13,291.72991704533285,4,3,13,1,73,0,293.82301304803326,294.2783238181198,294.36564621028526,295.3174449305715,297.28662812034224,299.39073213510767,300.5529218636365,295.1702436153989,2.4968997431623965,295.6795338115977,2.7323183810369183,296.5739256966295,6.345289286962681
2020-03-14,288.07236609178386,5,3,14,1,74,1,291.72991704533285,293.82301304803326,294.2783238181198,294.36564621028526,295.3174449305715,297.28662812034224,299.39073213510767,293.55333418063844,2.9346669066564877,295.26267225912414,3.3894824101257437,295.67983875932515,5.509403063697977
2020-03-15,283.296362174738,6,3,15,1,75,1,288.07236609178386,291.72991704533285,293.82301304803326,294.2783238181198,294.36564621028526,295.3174449305715,297.28662812034224,291.55472475983777,4.377604613053265,294.54753571375744,4.653904092671114,294.7120159440489,5.011158170368569
2020-03-16,279.46623930085514,0,3,16,1,76,0,283.296362174738,288.07236609178386,291.72991704533285,293.82301304803326,294.2783238181198,294.36564621028526,295.3174449305715,289.29026681273547,5.930985892451807,293.54862579703416,6.163404850812253,293.7506647451503,5.0791318176110405
2020-03-17,276.8975724802983,1,3,17,1,77,0,279.46623930085514,283.296362174738,288.07236609178386,291.72991704533285,293.82301304803326,294.2783238181198,294.36564621028526,286.7948277084516,7.01532185605902,292.2618533515468,7.575542822664534,292.86038103865883,5.605567136898669
2020-03-18,275.6166832017188,2,3,18,1,78,0,276.8975724802983,279.46623930085514,283.296362174738,288.07236609178386,291.72991704533285,293.82301304803326,294.2783238181198,284.12887904896576,7.239770591087759,290.7046848522609,8.604980323585583,292.05711601684317,6.275998058858195
2020-03-19,274.55439848083813,3,3,19,1,79,0,275.6166832017188,276.8975724802983,279.46623930085514,283.296362174738,288.07236609178386,291.72991704533285,293.82301304803326,281.37621982508074,6.571912250976063,288.90344635011866,9.181049825944374,291.29694045198386,6.955891776112675
2020-03-20,272.4500291238597,4,3,20,1,80,0,274.55439848083813,275.6166832017188,276.8975724802983,279.46623930085514,283.296362174738,288.07236609178386,291.72991704533285,278.6219501220131,5.454600610683766,286.896096868706,9.50459046298591,290.4995614315306,7.686822607399555
2020-03-21,269.3965298459989,5,3,21,1,81,1,272.4500291238597,274.55439848083813,275.6166832017188,276.8975724802983,279.46623930085514,283.296362174738,288.07236609178386,275.95397351547246,4.554984997935184,284.7536538480554,9.845897952898603,289.6154586555452,8.521862072522987
2020-03-22,266.0105229873889,6,3,22,1,82,1,269.3965298459989,272.4500291238597,274.55439848083813,275.6166832017188,276.8975724802983,279.46623930085514,283.296362174738,273.48456791727966,4.596431933404438,282.51964633855874,10.320258796326662,288.6647748702118,9.490390701608582
2020-03-23,263.7228199241907,0,3,23,1,83,0,266.0105229873889,269.3965298459989,272.4500291238597,274.55439848083813,275.6166832017188,276.8975724802983,279.46623930085514,271.2355080063276,5.014421818924753,280.2628874095315,10.75187362369498,287.71844545353355,10.4968052374069
2020-03-24,263.1842045704676,1,3,24,1,84,0,263.7228199241907,266.0105229873889,269.3965298459989,272.4500291238597,274.55439848083813,275.6166832017188,276.8975724802983,269.2764554477804,5.111520672094394,278.03564157811604,10.835060928706245,286.8393656931317,11.40276950933766
2020-03-25,264.3450101569038,2,3,25,1,85,0,263.1842045704676,263.7228199241907,266.0105229873889,269.3965298459989,272.4500291238597,274.55439848083813,275.6166832017188,267.66621644137825,4.522839052490829,275.897547745172,10.324688552938108,286.0492950654015,12.11508380564623
2020-03-26,265.9533210749124,3,3,26,1,86,0,264.3450101569038,263.1842045704676,263.7228199241907,266.0105229873889,269.3965298459989,272.4500291238597,274.55439848083813,266.4374910976746,3.357951645083712,273.90685546137763,9.23152989770982,285.3011508677927,12.646417285359039
2020-03-27,266.8201776754748,4,3,27,1,87,0,265.9533210749124,264.3450101569038,263.1842045704676,263.7228199241907,266.0105229873889,269.3965298459989,272.4500291238597,265.63322660504815,2.126146019841708,272.12758836353066,7.825565958491212,284.5210704280064,13.047782567825584
2020-03-28,266.4453525107934,5,3,28,1,88,1,266.8201776754748,265.9533210749124,264.3450101569038,263.1842045704676,263.7228199241907,266.0105229873889,269.3965298459989,265.21162984287594,1.4361912465758389,270.58280167917417,6.449543921260458,283.65293718425886,13.36196701142236
2020-03-29,265.66237808081854,6,3,29,1,89,1,266.4453525107934,266.8201776754748,265.9533210749124,264.3450101569038,263.1842045704676,263.7228199241907,266.0105229873889,265.16189485622306,1.4096985798285246,269.3232313867514,5.414515559768089,282.7135813681136,13.609166275755983
2020-03-30,265.80769063911447,0,3,30,1,90,0,265.66237808081854,266.4453525107934,266.8201776754748,265.9533210749124,264.3450101569038,263.1842045704676,263.7228199241907,265.4597335297836,1.2681128315165362,268.3476207680556,4.618305681682398,281.776890128537,13.778088094533445
2020-03-31,267.44119091253134,1,3,31,1,91,0,265.80769063911447,265.66237808081854,266.4453525107934,266.8201776754748,265.9533210749124,264.3450101569038,263.1842045704676,266.0678744357927,0.9838660736070554,267.6721649417865,3.908632345688521,280.91465403195895,13.840808682397725
2020-04-01,270.31854915770424,2,4,1,2,92,0,267.44119091253134,265.80769063911447,265.66237808081854,266.4453525107934,266.8201776754748,265.9533210749124,264.3450101569038,266.9212371501927,1.62328542964044,267.2937267957855,3.2873797326921217,280.1435730660497,13.762458437796148
2020-04-02,272.97992674100016,3,4,2,2,93,0,270.31854915770424,267.44119091253134,265.80769063911447,265.66237808081854,266.4453525107934,266.8201776754748,265.9533210749124,267.9250379596338,2.7242087257962244,267.1812645286542,3.0373026928932054,279.4124910668457,13.531467987026067
2020-04-03,274.3903252399585,4,4,3,2,94,0,272.97992674100016,270.31854915770424,267.44119091253134,265.80769063911447,265.66237808081854,266.4453525107934,266.8201776754748,269.00648761170294,3.5805113463981866,267.3198571083755,3.3266923369658916,278.6449338351203,13.121845585995693
2020-04-04,274.05561032535246,5,4,4,2,95,1,274.3903252399585,272.97992674100016,270.31854915770424,267.44119091253134,265.80769063911447,265.66237808081854,266.4453525107934,270.0936672994971,3.8205775843370158,267.6526485711865,3.7557828672339606,277.78772959560433,12.520298276959128
2020-04-05,272.6943108122027,6,4,5,2,96,1,274.05561032535246,274.3903252399585,272.97992674100016,270.31854915770424,267.44119091253134,265.80769063911447,265.66237808081854,271.09822911826626,3.3576750357484233,268.13006198724463,3.9507313445388013,276.85910922722326,11.785141231612036
2020-04-06,271.7515153524411,0,4,6,2,97,0,272.6943108122027,274.05561032535246,274.3903252399585,272.97992674100016,270.31854915770424,267.44119091253134,265.80769063911447,271.94734693445577,2.4163977293384398,268.7035402321197,3.8430204041621656,275.9378020011344,11.01839580257446
2020-04-07,271.77360875235564,1,4,7,2,98,0,271.7515153524411,272.6943108122027,274.05561032535246,274.3903252399585,272.97992674100016,270.31854915770424,267.44119091253134,272.5662637687164,1.4187555841879362,269.31706910225455,3.5700342907058156,275.0873680222015,10.273194658032201
2020-04-08,272.5294746265149,2,4,8,2,99,0,271.77360875235564,271.7515153524411,272.6943108122027,274.05561032535246,274.3903252399585,272.97992674100016,270.31854915770424,272.8821102642608,1.0269715878234065,269.90167370722673,3.356971922577846,274.3277690120663,9.542273301747402
2020-04-09,272.8534987712188,3,4,9,2,100,0,272.5294746265149,271.77360875235564,271.7515153524411,272.6943108122027,274.05561032535246,274.3903252399585,272.97992674100016,272.86404912572056,1.0260759372900563,270.39454354267724,3.2370841533967036,273.61069743076405,8.760856543194931
2020-04-10,271.53934132510545,4,4,10,2,101,0,272.8534987712188,272.5294746265149,271.77360875235564,271.7515153524411,272.6943108122027,274.05561032535246,274.3903252399585,272.456765709313,0.8738005574946343,270.73162666050797,3.0780488303181115,272.85273134766356,7.847094722379751
2020-04-11,268.4891834668708,5,4,11,2,102,1,271.53934132510545,272.8534987712188,272.5294746265149,271.77360875235564,271.7515153524411,272.6943108122027,274.05561032535246,271.66156187238704,1.491091615458327,270.87761458594207,2.9025854598517538,272.0082703616248,6.806752166642975
2020-04-12,264.41694931886326,6,4,12,2,103,1,268.4891834668708,271.53934132510545,272.8534987712188,272.5294746265149,271.77360875235564,271.7515153524411,272.6943108122027,270.4790816590529,3.0268286408835703,270.78865538865955,3.0878887748824613,271.09783810407583,5.835215851796195
2020-04-13,260.71639674293334,0,4,13,2,104,0,264.41694931886326,268.4891834668708,271.53934132510545,272.8534987712188,272.5294746265149,271.77360875235564,271.7515153524411,268.90263614340887,4.677335704373459,270.4249915389323,3.9099931828625056,270.18597245911417,5.193289213411885
2020-04-14,258.3633896576582,1,4,14,2,105,0,260.71639674293334,264.41694931886326,268.4891834668708,271.53934132510545,272.8534987712188,272.5294746265149,271.77360875235564,266.9868905584521,5.893605015757321,269.77657716358425,5.034019680781508,269.35487337521147,5.014828727277472
2020-04-15,257.09520254284075,2,4,15,2,106,0,258.3633896576582,260.71639674293334,264.41694931886326,268.4891834668708,271.53934132510545,272.8534987712188,272.5294746265149,264.78199454649865,6.344312008569966,268.8320524053797,6.060409698448403,268.60917214994436,5.121571708751934
2020-04-16,255.8748553518189,3,4,16,2,107,0,257.09520254284075,258.3633896576582,260.71639674293334,264.41694931886326,268.4891834668708,271.53934132510545,272.8534987712188,262.35647405801296,5.979237268467602,267.6102615918668,6.834621306050469,267.90841491232834,5.380096875699481
2020-04-17,253.4102182842473,4,4,17,2,108,0,255.8748553518189,257.09520254284075,258.3633896576582,260.71639674293334,264.41694931886326,268.4891834668708,271.53934132510545,259.7665993378904,5.216415652196464,266.1116825236017,7.501221679447954,267.1681994150793,5.794648438771268
2020-04-18,249.74679247484653,5,4,18,2,109,1,253.4102182842473,255.8748553518189,257.09520254284075,258.3633896576582,260.71639674293334,264.41694931886326,268.4891834668708,257.0891149104583,4.785334352833591,264.3753383914227,8.292644614116005,266.3412792148796,6.438558785920574
2020-04-19,245.66806197120263,6,4,19,2,110,1,249.74679247484653,253.4102182842473,255.8748553518189,257.09520254284075,258.3633896576582,260.71639674293334,264.41694931886326,254.4107024322211,5.2268950073904445,262.44489204563695,9.29254281941164,265.4485469764577,7.353985778828533
2020-04-20,242.493951577027,0,4,20,2,111,0,245.66806197120263,249.74679247484653,253.4102182842473,255.8748553518189,257.09520254284075,258.3633896576582,260.71639674293334,251.80749597994875,6.03783862932006,260.3550660616788,10.276377496509218,264.551794367492,8.419095745907391
2020-04-21,241.35544617833995,1,4,21,2,112,0,242.493951577027,245.66806197120263,249.74679247484653,253.4102182842473,255.8748553518189,257.09520254284075,258.3633896576582,249.37778976861756,6.3727841784481125,258.18234016353483,10.874682159082756,263.729958473857,9.416116549295873
2020-04-22,241.7217925568143,2,4,22,2,113,0,241.35544617833995,242.493951577027,245.66806197120263,249.74679247484653,253.4102182842473,255.8748553518189,257.09520254284075,247.18158834204237,5.901511071288353,255.98179144427053,10.865183674635158,262.99659089494446,10.23762289072293
2020-04-23,242.6406061168776,3,4,23,2,114,0,241.7217925568143,241.35544617833995,242.493951577027,245.66806197120263,249.74679247484653,253.4102182842473,255.8748553518189,245.29098130847933,4.636698917795644,253.82372768324612,10.238728063834056,262.3118042798248,10.890871988256643
2020-04-24,242.56567261317304,4,4,24,2,115,0,242.6406061168776,241.7217925568143,241.35544617833995,242.493951577027,245.66806197120263,249.74679247484653,253.4102182842473,243.74176049832585,2.991615051870595,251.75417991810812,9.26427641190117,261.5858263617004,11.46160932132108
2020-04-25,241.5975908075074,5,4,25,2,116,1,242.56567261317304,242.6406061168776,241.7217925568143,241.35544617833995,242.493951577027,245.66806197120263,249.74679247484653,242.57758883156313,1.4576550030563198,249.83335187101073,8.26107862133618,260.77396868612027,11.991904342084212
2020-04-26,240.3150486785057,6,4,26,2,117,1,241.5975908075074,242.56567261317304,242.6406061168776,241.7217925568143,241.35544617833995,242.493951577027,245.66806197120263,241.81287264689215,0.8389553487613094,248.11178753955664,7.460739644315692,259.8904643862213,12.496841934910602
2020-04-27,239.97285775083063,0,4,27,2,118,0,240.3150486785057,241.5975908075074,242.56567261317304,242.6406061168776,241.7217925568143,241.35544617833995,242.493951577027,241.45271638600693,1.019548514961618,246.63010618297787,6.795048867573967,259.0080478942225,12.944637315724835
2020-04-28,241.5301117450317,1,4,28,2,119,0,239.97285775083063,240.3150486785057,241.5975908075074,242.56567261317304,242.6406061168776,241.7217925568143,241.35544617833995,241.47766860982006,1.0189083455794794,245.4277291892188,6.002211224229877,258.20363901636296,13.262770494304966
2020-04-29,244.3094797434567,2,4,29,2,120,0,241.5301117450317,239.97285775083063,240.3150486785057,241.5975908075074,242.56567261317304,242.6406061168776,241.7217925568143,241.84733820791183,1.4850372505410918,244.51446327497712,4.97523711910667,257.4870319865077,13.417630766394847
2020-04-30,247.20321456228817,3,4,30,2,121,0,244.3094797434567,241.5301117450317,239.97285775083063,240.3150486785057,241.5975908075074,242.56567261317304,242.6406061168776,242.49913941439902,2.526995504266302,243.8950603614392,3.868894026648167,256.8124327748329,13.408657450491786
2020-05-01,248.83450335980152,4,5,1,2,122,0,247.20321456228817,244.3094797434567,241.5301117450317,239.97285775083063,240.3150486785057,241.5975908075074,242.56567261317304,243.3946866639174,3.4840736021889436,243.56822358112163,3.124995849439436,256.09629791490283,13.235033770119081
2020-05-02,249.10927362453992,5,5,2,2,123,1,248.83450335980152,247.20321456228817,244.3094797434567,241.5301117450317,239.97285775083063,240.3150486785057,241.5975908075074,244.46778420920776,3.962297216982672,243.52268652038543,3.0312764389550546,255.3006094776875,12.898256272702177
2020-05-03,248.29899249155,6,5,3,2,124,1,249.10927362453992,248.83450335980152,247.20321456228817,244.3094797434567,241.5301117450317,239.97285775083063,240.3150486785057,245.60834761107122,3.708673298573008,243.7106101289817,3.2482933742741675,254.4308983860739,12.4381211887331
2020-05-04,248.1269352851003,0,5,4,2,125,0,248.29899249155,249.10927362453992,248.83450335980152,247.20321456228817,244.3094797434567,241.5301117450317,239.97285775083063,246.7732158302526,2.816962251071592,244.11296610812977,3.429796284225453,253.56660921806548,11.91738756023344
2020-05-05,249.0811138541988,1,5,5,2,126,0,248.1269352851003,248.29899249155,249.10927362453992,248.83450335980152,247.20321456228817,244.3094797434567,241.5301117450317,247.8519304172765,1.6981624707528504,244.66479951354827,3.5706154126705516,252.7795026527987,11.378085802883692
2020-05-06,250.597038346695,2,5,6,2,127,0,249.0811138541988,248.1269352851003,248.29899249155,249.10927362453992,248.83450335980152,247.20321456228817,244.3094797434567,248.75015307488198,1.0521064451612194,245.29874564139686,3.7890994206205746,252.0743534192738,10.80273445734525
2020-05-07,251.87956703213865,3,5,7,2,128,0,250.597038346695,249.0811138541988,248.1269352851003,248.29899249155,249.10927362453992,248.83450335980152,247.20321456228817,249.41820342771774,1.3489342625666123,245.9586714210584,4.0836356671972975,251.41121869526657,10.142192397339103
2020-05-08,251.5640573463008,4,5,8,2,129,0,251.87956703213865,250.597038346695,249.0811138541988,248.1269352851003,248.29899249155,249.10927362453992,248.83450335980152,249.80813971150334,1.5339150889733943,246.6014131877104,4.214565550851214,250.71237145259278,9.326360368798953
2020-05-09,249.28415885848085,5,5,9,2,130,1,251.5640573463008,251.87956703213865,250.597038346695,249.0811138541988,248.1269352851003,248.29899249155,249.10927362453992,249.83312331635207,1.522013242623591,247.1504537627799,4.008183593502371,249.92672678883486,8.337166640755447
2020-05-10,245.914953388056,6,5,10,2,131,1,249.28415885848085,251.5640573463008,251.87956703213865,250.597038346695,249.0811138541988,248.1269352851003,248.29899249155,249.49254630156722,2.0850937286177764,247.55044695631923,3.5237189608031856,249.07258052426653,7.293937784601621
2020-05-11,242.9560205791506,0,5,11,2,132,0,245.914953388056,249.28415885848085,251.5640573463008,251.87956703213865,250.597038346695,249.0811138541988,248.1269352851003,248.75384420071728,3.243640050356109,247.76353001548495,3.0942747776902046,248.22147509467584,6.382953445476854
2020-05-12,241.00507437230235,1,5,12,2,133,0,242.9560205791506,245.914953388056,249.28415885848085,251.5640573463008,251.87956703213865,250.597038346695,249.0811138541988,247.60012427473202,4.354041138452151,247.72602734600426,3.1776927072404497,247.44107926312384,5.732644783948601
2020-05-13,240.11004605228976,2,5,13,2,134,0,241.00507437230235,242.9560205791506,245.914953388056,249.28415885848085,251.5640573463008,251.87956703213865,250.597038346695,246.10198251838844,4.918584182819211,247.42606779663518,3.6830298516884623,246.75420090676906,5.305784766956676
2020-05-14,238.892808661402,3,5,14,2,135,0,240.11004605228976,241.00507437230235,242.9560205791506,245.914953388056,249.28415885848085,251.5640573463008,251.87956703213865,244.2467313225689,4.824465912935846,246.83246737514332,4.333900384083057,246.10518154022716,5.019893693894901
2020-05-15,236.6023525446145,4,5,15,2,136,0,238.892808661402,240.11004605228976,241.00507437230235,242.9560205791506,245.914953388056,249.28415885848085,251.5640573463008,242.10934492232803,4.331419137461255,245.95874231691568,5.069778994483,245.4220865402863,4.864740423155497
2020-05-16,232.6054879054407,5,5,16,2,137,1,236.6023525446145,238.892808661402,240.11004605228976,241.00507437230235,242.9560205791506,245.914953388056,249.28415885848085,239.7266776433223,4.314177598494464,244.77990047983715,6.095791552495122,244.64644095874033,4.994000969611835
2020-05-17,228.1877630151966,6,5,17,2,138,1,232.6054879054407,236.6023525446145,238.892808661402,240.11004605228976,241.00507437230235,242.9560205791506,245.914953388056,237.1942218757709,5.1902350413733,243.3433840886691,7.427017605899481,243.80569244977198,5.558900504745961
2020-05-18,224.6369675135801,0,5,18,2,139,0,228.1877630151966,232.6054879054407,236.6023525446145,238.892808661402,240.11004605228976,241.00507437230235,242.9560205791506,234.57721429497514,6.300482134740347,241.66552924784622,8.791265681319526,242.96869828439642,6.452121915103867
2020-05-19,222.6543455644683,1,5,19,2,140,0,224.6369675135801,228.1877630151966,232.6054879054407,236.6023525446145,238.892808661402,240.11004605228976,241.00507437230235,231.9556816081417,6.963079167716735,239.77790294143688,9.849923570988894,242.20157440417196,7.416194836421605
2020-05-20,222.35111895888585,2,5,20,2,141,0,222.6543455644683,224.6369675135801,228.1877630151966,232.6054879054407,236.6023525446145,238.892808661402,240.11004605228976,229.41869202336972,6.7281322333684805,237.7603372708791,10.34379798710022,241.53014665023392,8.25337771985749
2020-05-21,222.4094549396986,3,5,21,2,142,0,222.35111895888585,222.6543455644683,224.6369675135801,228.1877630151966,232.6054879054407,236.6023525446145,238.892808661402,227.0639272059835,5.659250202188528,235.65532926427622,10.247649470667183,240.89861360894585,8.961670067532358
2020-05-22,221.50826270895288,4,5,22,2,143,0,222.4094549396986,222.35111895888585,222.6543455644683,224.6369675135801,228.1877630151966,232.6054879054407,236.6023525446145,224.90762865803185,4.072246783072541,233.50848679017992,9.796832149575522,240.22482928068385,9.632421735801964
2020-05-23,219.81078021747905,5,5,23,2,144,1,221.50826270895288,222.4094549396986,222.35111895888585,222.6543455644683,224.6369675135801,228.1877630151966,232.6054879054407,223.07981327403735,2.6718790722619543,231.4032454586798,9.300205636360523,239.4638350840372,10.312775743953004
2020-05-24,217.81066149852572,6,5,24,2,145,1,219.81078021747905,221.50826270895288,222.4094549396986,222.35111895888585,222.6543455644683,224.6369675135801,228.1877630151966,221.5973702002272,2.203140722782856,229.39579603799908,8.953600266999361,238.6386680468823,11.022013199138978
2020-05-25,216.9039812813808,0,5,25,2,146,0,217.81066149852572,219.81078021747905,221.50826270895288,222.4094549396986,222.35111895888585,222.6543455644683,224.6369675135801,220.4926578813416,2.3582831618938025,227.5349360881584,8.619552908279005,237.81554772934476,11.694935607545816
2020-05-26,217.71904124474608,1,5,26,2,147,0,216.9039812813808,217.81066149852572,219.81078021747905,221.50826270895288,222.4094549396986,222.35111895888585,222.6543455644683,219.7876144070956,2.3419880562395123,225.87164800761863,8.048090003897869,237.06234748155276,12.243192051330471
2020-05-27,220.13512464642105,2,5,27,2,148,0,217.71904124474608,216.9039812813808,217.81066149852572,219.81078021747905,221.50826270895288,222.4094549396986,222.35111895888585,219.4710437910292,2.0719209053477177,224.44486790719944,7.036764369349338,236.40108971140577,12.61077637727616
2020-05-28,222.90639361245888,3,5,28,2,149,0,220.13512464642105,217.71904124474608,216.9039812813808,217.81066149852572,219.81078021747905,221.50826270895288,222.4094549396986,219.54203502999493,2.194281486538911,223.30298111798922,5.677742788455049,235.7802991069867,12.806460210859887
2020-05-29,224.5765881498477,4,5,29,2,150,0,222.90639361245888,220.13512464642105,217.71904124474608,216.9039812813808,217.81066149852572,219.81078021747905,221.50826270895288,219.98036723583704,2.8584656555972545,222.44399794693445,4.2380763645077115,235.12253605386638,12.859926959488321
2020-05-30,224.88029212075244,5,5,30,2,151,1,224.5765881498477,222.90639361245888,220.13512464642105,217.71904124474608,216.9039812813808,217.81066149852572,219.81078021747905,220.70458322201895,3.3993636165195493,221.89219824802814,3.1854679277663154,234.37843863914853,12.78240204529829
2020-05-31,224.53967184041727,6,5,31,2,152,1,224.88029212075244,224.5765881498477,222.90639361245888,220.13512464642105,217.71904124474608,216.9039812813808,217.81066149852572,221.66587041371776,3.3960429988123337,221.63162030697248,2.750357257107923,233.56861092183573,12.603301642333847
2020-06-01,224.70750937031545,0,6,1,2,153,0,224.53967184041727,224.88029212075244,224.5765881498477,222.90639361245888,220.13512464642105,217.71904124474608,216.9039812813808,222.78066014070842,2.801051433077976,221.63665901102505,2.756344733946783,232.75521878002823,12.350641301956896
2020-06-02,226.2648022428468,1,6,2,2,154,0,224.70750937031545,224.53967184041727,224.88029212075244,224.5765881498477,222.90639361245888,220.13512464642105,217.71904124474608,224.00148314043707,1.9647617984441392,221.8945487737663,3.015595308464781,232.02074577173815,12.045810495272395
2020-06-03,228.7021018784389,2,6,3,2,155,0,226.2648022428468,224.70750937031545,224.53967184041727,224.88029212075244,224.5765881498477,222.90639361245888,220.13512464642105,225.22533703072534,1.8176951362526446,222.34819041087727,3.524342257104451,231.37325132484938,11.666296207806402
2020-06-04,230.7631994318792,3,6,4,2,156,0,228.7021018784389,226.2648022428468,224.70750937031545,224.53967184041727,224.88029212075244,224.5765881498477,222.90639361245888,226.34773786207114,2.459540257300483,222.944886446033,4.181431717924245,230.76265417743878,11.176623465659926
2020-06-05,231.4497097128724,4,6,5,2,157,0,230.7631994318792,228.7021018784389,226.2648022428468,224.70750937031545,224.53967184041727,224.88029212075244,224.5765881498477,227.32961237107466,2.9563669220551883,223.65498980345583,4.72721663019843,230.12440988964468,10.533098943918828
2020-06-06,230.05567807796348,5,6,6,2,158,1,231.4497097128724,230.7631994318792,228.7021018784389,226.2648022428468,224.70750937031545,224.53967184041727,224.88029212075244,228.06895322210477,2.888094024281837,224.38676822206187,4.876942372698555,229.3969469245055,9.69941487447246
2020-06-07,227.56188630058747,6,6,7,2,159,1,230.05567807796348,231.4497097128724,230.7631994318792,228.7021018784389,226.2648022428468,224.70750937031545,224.53967184041727,228.50069814498625,2.4678933864495245,225.083284279352,4.5509397195816,228.59687455631507,8.751480677711001
2020-06-08,225.4645370190196,0,6,8,2,160,0,227.56188630058747,230.05567807796348,231.4497097128724,230.7631994318792,228.7021018784389,226.2648022428468,224.70750937031545,228.608844951944,2.283677946531437,225.69475254632616,3.8952982333152986,227.80288716166632,7.843291301314959
2020-06-09,224.24785698939692,1,6,9,2,161,0,225.4645370190196,227.56188630058747,230.05567807796348,231.4497097128724,230.7631994318792,228.7021018784389,226.2648022428468,228.32070991573684,2.715192963511756,226.16109652808697,3.1948322491180834,227.0806506150444,7.078237317930884
2020-06-10,224.00180248496108,2,6,10,2,162,0,224.24785698939692,225.4645370190196,227.56188630058747,230.05567807796348,231.4497097128724,230.7631994318792,228.7021018784389,227.64923857381146,3.1513230607643115,226.4372878022684,2.7731218351974762,226.44884334523806,6.428434635073597
2020-06-11,223.3634452668112,3,6,11,2,163,0,224.00180248496108,224.24785698939692,225.4645370190196,227.56188630058747,230.05567807796348,231.4497097128724,230.7631994318792,226.59213083594457,3.173692824307733,226.46993434900787,2.7307231257277484,225.8607890417217,5.83000552296884
2020-06-12,221.17518813920407,4,6,12,2,164,0,223.3634452668112,224.00180248496108,224.24785698939692,225.4645370190196,227.56188630058747,230.05567807796348,231.4497097128724,225.12434203970625,2.9183421332448076,226.22697720539045,3.0453270309098017,225.2296271112855,5.228049469890541
2020-06-13,217.531053192875,5,6,13,2,165,1,221.17518813920407,223.3634452668112,224.00180248496108,224.24785698939692,225.4645370190196,227.56188630058747,230.05567807796348,223.33510991326506,3.215349229689895,225.70203156768488,3.828132706345356,224.5175685956679,4.73438350115751
2020-06-14,213.0278715681118,6,6,14,2,166,1,217.531053192875,221.17518813920407,223.3634452668112,224.00180248496108,224.24785698939692,225.4645370190196,227.56188630058747,221.25882209433993,4.47637408958522,224.8797601196631,5.116543508042891,223.73175256311782,4.614307421887415
2020-06-15,209.22813027545843,0,6,15,2,167,0,213.0278715681118,217.531053192875,221.17518813920407,223.3634452668112,224.00180248496108,224.24785698939692,225.4645370190196,218.93933541668835,5.910681410492763,223.77409018431618,6.610923300361294,222.95250730878513,5.02016053484338
2020-06-16,207.02281025343856,1,6,16,2,168,0,209.22813027545843,213.0278715681118,217.531053192875,221.17518813920407,223.3634452668112,224.00180248496108,224.24785698939692,216.47861445440859,6.844146714737367,222.3996621850727,7.9232422932837165,222.2470088833932,5.700193121922173
2020-06-17,206.0138780712752,2,6,17,2,169,0,207.02281025343856,209.22813027545843,213.0278715681118,217.531053192875,221.17518813920407,223.3634452668112,224.00180248496108,213.90891096673917,6.925108697591548,220.7790747702753,8.806098912181051,221.62623923531635,6.401820409796118
2020-06-18,205.34552790194425,3,6,18,2,170,0,206.0138780712752,207.02281025343856,209.22813027545843,213.0278715681118,217.531053192875,221.17518813920407,223.3634452668112,211.3349227717582,6.127916814717954,218.9635268038514,9.200671114676036,221.04927864656554,7.05283969585296
2020-06-19,203.845126065038,4,6,19,2,171,0,205.34552790194425,206.0138780712752,207.02281025343856,209.22813027545843,213.0278715681118,217.531053192875,221.17518813920407,208.8591996183059,4.859183456903774,216.9917708290061,9.27657227397948,220.43241221677062,7.713414731022827
2020-06-20,201.2674118010353,5,6,20,2,172,1,203.845126065038,205.34552790194425,206.0138780712752,207.02281025343856,209.22813027545843,213.0278715681118,217.531053192875,206.5358222766145,3.7929233481046114,214.93546609493976,9.34840445870972,219.72767744548185,8.456573137447549
2020-06-21,198.48715848261148,6,6,21,2,173,1,201.2674118010353,203.845126065038,205.34552790194425,206.0138780712752,207.02281025343856,209.22813027545843,213.0278715681118,204.45857755011448,3.6227814000857386,212.8586998222272,9.554876237924228,218.9603073046038,9.292597538900134
2020-06-22,196.78098282069445,0,6,22,2,174,0,198.48715848261148,201.2674118010353,203.845126065038,205.34552790194425,206.0138780712752,207.02281025343856,209.22813027545843,202.6804136280053,3.9330020240903494,210.80987452234686,9.717794304992857,218.19264739137762,10.133145986103678
2020-06-23,196.95560641207888,1,6,23,2,175,0,196.78098282069445,198.48715848261148,201.2674118010353,203.845126065038,205.34552790194425,206.0138780712752,207.02281025343856,201.2422416506682,3.921089735459596,208.86042805253842,9.550748784778579,217.4974788884961,10.850245505894133
2020-06-24,198.7561051246073,2,6,24,2,176,0,196.95560641207888,196.78098282069445,198.48715848261148,201.2674118010353,203.845126065038,205.34552790194425,206.0138780712752,200.20541694400137,3.36989096436933,207.0571639553703,8.827970814059602,216.8925496832703,11.37755756689938
2020-06-25,200.868864804756,3,6,25,2,177,0,198.7561051246073,196.95560641207888,196.78098282069445,198.48715848261148,201.2674118010353,203.845126065038,205.34552790194425,199.56589364440305,2.5590845602578396,205.45040820808063,7.5924397251979165,216.33087713527064,11.745324494136927
2020-06-26,202.2436800052968,4,6,26,2,178,0,200.868864804756,198.7561051246073,196.95560641207888,196.78098282069445,198.48715848261148,201.2674118010353,203.845126065038,199.33711563586863,2.151968740624617,204.09815762708723,6.119333119529647,215.73449564723313,11.997030486288372
2020-06-27,202.2511682058152,5,6,27,2,179,1,202.2436800052968,200.868864804756,198.7561051246073,196.95560641207888,196.78098282069445,198.48715848261148,201.2674118010353,199.47765226512283,2.324264114717201,203.00673727086868,4.748222346605286,215.04598813367835,12.162798275410152
2020-06-28,202.0201240719168,6,6,28,2,180,1,202.2511682058152,202.2436800052968,200.868864804756,198.7561051246073,196.95560641207888,196.78098282069445,198.48715848261148,199.9823616350236,2.453337392494193,202.22046959256906,3.7722492557771816,214.29410599774732,12.250203643991478
2020-06-29,202.2814275430246,0,6,29,2,181,0,202.0201240719168,202.2511682058152,202.2436800052968,200.868864804756,198.7561051246073,196.95560641207888,196.78098282069445,200.76813945249936,2.114550245950603,201.72427654025233,3.1917892234862575,213.54081051182305,12.271596971379065
2020-06-30,204.0435960654207,1,6,30,2,182,0,202.2814275430246,202.0201240719168,202.2511682058152,202.2436800052968,200.868864804756,198.7561051246073,196.95560641207888,201.78070940297675,1.625015844151533,201.5114755268225,2.8970614231658103,212.85760798598986,12.208518557346292
2020-07-01,206.95782180585493,2,7,1,3,183,0,204.0435960654207,202.2814275430246,202.0201240719168,202.2511682058152,202.2436800052968,200.868864804756,198.7561051246073,202.95238321458356,1.9953522708253533,201.57890007929248,3.0183535718324324,212.26595173384118,12.043420633516993
2020-07-02,209.7846391086229,3,7,2,3,184,0,206.95782180585493,204.0435960654207,202.2814275430246,202.0201240719168,202.2511682058152,202.2436800052968,200.868864804756,204.22606525799316,3.024108521855191,201.8959794511981,3.618064452476733,211.71661296270034,11.75527957737477
2020-07-03,211.06613093987127,4,7,3,3,185,0,209.7846391086229,206.95782180585493,204.0435960654207,202.2814275430246,202.0201240719168,202.2511682058152,202.2436800052968,205.48641539150375,3.7993127479576048,202.41176551368616,4.3566314360184695,211.1287472647481,11.309074859439155
2020-07-04,210.63872154078413,5,7,4,3,186,1,211.06613093987127,209.7846391086229,206.95782180585493,204.0435960654207,202.2814275430246,202.0201240719168,202.2511682058152,206.68463729649935,3.9293330288333865,203.08114478081112,4.858326608930165,210.45793133504495,10.683839946509035
2020-07-05,209.12245956594515,6,7,5,3,187,1,210.63872154078413,211.06613093987127,209.7846391086229,206.95782180585493,204.0435960654207,202.2814275430246,202.0201240719168,207.6992566527891,3.4062950311856515,203.84080914390637,4.915884001485061,209.7136896634807,9.921590006555883
2020-07-06,207.83072168368628,0,7,6,3,188,0,209.12245956594515,210.63872154078413,211.06613093987127,209.7846391086229,206.95782180585493,204.0435960654207,202.2814275430246,208.49201295859794,2.4454804540150983,204.63007620554865,4.570086357925041,208.97285778367143,9.150060521791973
2020-07-07,207.56321630284324,1,7,7,3,189,0,207.83072168368628,209.12245956594515,210.63872154078413,211.06613093987127,209.7846391086229,206.95782180585493,204.0435960654207,208.9948158496583,1.590954799653602,205.3877626263175,4.049525550500483,208.3062354504133,8.45084808408257
2020-07-08,208.0458228017173,2,7,8,3,190,0,207.56321630284324,207.83072168368628,209.12245956594515,210.63872154078413,211.06613093987127,209.7846391086229,206.95782180585493,209.1502445633529,1.4005332033734845,206.05131388896822,3.6173167081922593,207.7256116431699,7.805027002381547
2020-07-09,208.2015912551771,3,7,9,3,191,0,208.0458228017173,207.56321630284324,207.83072168368628,209.12245956594515,210.63872154078413,211.06613093987127,209.7846391086229,208.9240948700035,1.4088080302120691,206.57508006399829,3.3285481049604506,207.1907361186959,7.156608133309821
2020-07-10,206.81512401885377,4,7,10,3,192,0,208.2015912551771,208.0458228017173,207.56321630284324,207.83072168368628,209.12245956594515,210.63872154078413,211.06613093987127,208.316808167001,1.2373560485176782,206.9016117792524,3.0863707278723154,206.61784683649233,6.413824582366228
2020-07-11,203.5403246883664,5,7,11,3,193,1,206.81512401885377,208.2015912551771,208.0458228017173,207.56321630284324,207.83072168368628,209.12245956594515,210.63872154078413,207.30275147379848,1.79868636380066,206.9936943851489,2.9533138114743025,205.9570761505442,5.598444261202817
2020-07-12,199.3163120135873,6,7,12,3,194,1,203.5403246883664,206.81512401885377,208.2015912551771,208.0458228017173,207.56321630284324,207.83072168368628,209.12245956594515,205.90187325203306,3.320298555286188,206.80056495241107,3.363496633279015,205.22844694635694,4.932358205437002
2020-07-13,195.7139201301066,0,7,13,3,195,0,199.3163120135873,203.5403246883664,206.81512401885377,208.2015912551771,208.0458228017173,207.56321630284324,207.83072168368628,204.17090160152165,4.920135288376665,206.33145728005977,4.354313928140892,204.501209177598,4.656557939399333
2020-07-14,193.4306029040504,1,7,14,3,196,0,195.7139201301066,199.3163120135873,203.5403246883664,206.81512401885377,208.2015912551771,208.0458228017173,207.56321630284324,202.15195683026556,6.062997590411327,205.57338633996193,5.544456553745886,203.84796688879592,4.7917853938194925
2020-07-15,192.2526902200124,2,7,15,3,197,0,193.4306029040504,195.7139201301066,199.3163120135873,203.5403246883664,206.81512401885377,208.2015912551771,208.0458228017173,199.89579503287914,6.431505780498824,204.523019798116,6.561610294517258,203.28211888694776,5.125237672116616
2020-07-16,191.2829827894753,3,7,16,3,198,0,192.2526902200124,193.4306029040504,195.7139201301066,199.3163120135873,203.5403246883664,206.81512401885377,208.2015912551771,197.4788509663503,5.951030066806736,203.20147291817693,7.247676665300823,202.75745797148232,5.519564567954153
2020-07-17,189.25891373736127,4,7,17,3,199,0,191.2829827894753,192.2526902200124,193.4306029040504,195.7139201301066,199.3163120135873,203.5403246883664,206.81512401885377,194.9708209261371,4.980937393295298,201.64381454656905,7.753155872869237,202.19895916035185,6.005029485378802
2020-07-18,185.97017070856964,5,7,18,3,200,1,189.25891373736127,191.2829827894753,192.2526902200124,193.4306029040504,195.7139201301066,199.3163120135873,203.5403246883664,192.46079892902327,4.326897666953672,199.88177520141087,8.333142079988491,201.55311392057268,6.661029722721934
2020-07-19,182.489867851938,6,7,19,3,201,1,185.97017070856964,189.25891373736127,191.2829827894753,192.2526902200124,193.4306029040504,195.7139201301066,199.3163120135873,190.0570211916448,4.551677997143465,197.97944722183894,9.068799468381046,200.841271980136,7.496350041970005
2020-07-20,179.97861823900325,0,7,20,3,202,0,182.489867851938,185.97017070856964,189.25891373736127,191.2829827894753,192.2526902200124,193.4306029040504,195.7139201301066,187.8091209214872,5.139859703693327,195.9900112615044,9.769390457141183,200.1316455280683,8.406943537280778
2020-07-21,179.36927064354,1,7,21,3,203,0,179.97861823900325,182.489867851938,185.97017070856964,189.25891373736127,191.2829827894753,192.2526902200124,193.4306029040504,185.8003591699857,5.321232521006758,193.97615800012562,10.100511575378894,199.49438260009921,9.221064792942913
2020-07-22,180.34647114891905,2,7,22,3,204,0,179.36927064354,179.97861823900325,182.489867851938,185.97017070856964,189.25891373736127,191.2829827894753,192.2526902200124,184.0994707312581,4.791559618327766,191.9976328820686,9.842112719293302,198.94656554437339,9.85426550445582
2020-07-23,181.64021433358664,3,7,23,3,205,0,180.34647114891905,179.36927064354,179.97861823900325,182.489867851938,185.97017070856964,189.25891373736127,191.2829827894753,182.72193238041683,3.6266622542544584,190.1003916733836,9.002511996901106,198.43605247509032,10.345442235650571
2020-07-24,182.3177105345235,4,7,24,3,206,0,181.64021433358664,180.34647114891905,179.36927064354,179.97861823900325,182.489867851938,185.97017070856964,189.25891373736127,181.73033192286857,2.2160191186898754,188.35057642450283,7.804879095116263,197.88810598875423,10.755124246452413
2020-07-25,181.9580709868216,5,7,25,3,207,1,182.3177105345235,181.64021433358664,180.34647114891905,179.36927064354,179.97861823900325,182.489867851938,185.97017070856964,181.1571748197617,1.2410018201045736,186.8089868743925,6.6145206619695545,197.25774619482306,11.12231171253299
2020-07-26,181.19906929638577,6,7,26,3,208,1,181.9580709868216,182.3177105345235,181.64021433358664,180.34647114891905,179.36927064354,179.97861823900325,182.489867851938,180.97277502611138,1.0975863327387907,185.5148981088781,5.686469497318642,196.5562591711927,11.455653270145454
2020-07-27,181.35253012919367,0,7,27,3,209,0,181.19906929638577,181.9580709868216,182.3177105345235,181.64021433358664,180.34647114891905,179.36927064354,179.97861823900325,181.16904815328144,1.0094865679071479,184.48908453738431,4.9531676555475395,195.85963790197195,11.729554060982784
2020-07-28,183.3208567014192,1,7,28,3,210,0,181.35253012919367,181.19906929638577,181.9580709868216,182.3177105345235,181.64021433358664,180.34647114891905,179.36927064354,181.7335604472642,0.9376158432937656,183.76695980862493,4.23405439041051,195.23632898962205,11.886684436296665
2020-07-29,186.22854452553463,2,7,29,3,211,0,183.3208567014192,181.35253012919367,181.19906929638577,181.9580709868216,182.3177105345235,181.64021433358664,180.34647114891905,182.57385664392356,1.7612931836698613,183.33666368759083,3.5573696822588734,194.70123288903906,11.919878603832991
2020-07-30,189.3305581551227,3,7,30,3,212,0,186.22854452553463,183.3208567014192,181.35253012919367,181.19906929638577,181.9580709868216,182.3177105345235,181.64021433358664,183.6724771898573,3.026149359973433,183.19720478513705,3.24658315480249,194.21079829202912,11.824536568207096
2020-07-31,191.12892234329635,4,7,31,3,213,0,189.3305581551227,186.22854452553463,183.3208567014192,181.35253012919367,181.19906929638577,181.9580709868216,182.3177105345235,184.9312217339677,4.033559150794552,183.33077682841812,3.5403387004864113,193.68316830994382,11.58689782573199
2020-08-01,191.2771895637252,5,8,1,3,214,1,191.12892234329635,189.3305581551227,186.22854452553463,183.3208567014192,181.35253012919367,181.19906929638577,181.9580709868216,186.26252438781106,4.409132786537089,183.70984960378638,4.086650917909105,193.0662533251139,11.185803324451408
2020-08-02,190.48391731430684,6,8,2,3,215,1,191.2771895637252,191.12892234329635,189.3305581551227,186.22854452553463,183.3208567014192,181.35253012919367,181.19906929638577,187.58893124751407,4.010586121973809,184.28085313681274,4.445778566483777,192.38017953759513,10.662689756171853
2020-08-03,190.1233466745054,0,8,3,3,216,0,190.48391731430684,191.2771895637252,191.12892234329635,189.3305581551227,186.22854452553463,183.3208567014192,181.35253012919367,188.84190503970146,2.9734874483014053,185.00547659649146,4.516795232278147,191.69633370871912,10.094015326973947
2020-08-04,190.7242609372886,1,8,4,3,217,0,190.1233466745054,190.48391731430684,191.2771895637252,191.12892234329635,189.3305581551227,186.22854452553463,183.3208567014192,189.89953421625424,1.7455179879287062,185.81654733175924,4.44579910339089,191.08306042109726,9.542603484367687
2020-08-05,192.1923780233457,2,8,5,3,218,0,190.7242609372886,190.1233466745054,190.48391731430684,191.2771895637252,191.12892234329635,189.3305581551227,186.22854452553463,190.75151043022726,0.9111276353336696,186.66268353707542,4.451904679250192,190.5617822990859,9.008370930643315
2020-08-06,193.18861374122736,3,8,6,3,219,0,192.1923780233457,190.7242609372886,190.1233466745054,190.48391731430684,191.2771895637252,191.12892234329635,189.3305581551227,191.30266122824221,1.0626161248311476,187.48756920904975,4.519099446320566,190.08262888036535,8.43706008442736
2020-08-07,192.61551469428449,4,8,7,3,220,0,193.18861374122736,192.1923780233457,190.7242609372886,190.1233466745054,190.48391731430684,191.2771895637252,191.12892234329635,191.51503156409765,1.1656621207711602,188.2231266490327,4.450437637895123,189.56828527678425,7.746274293764356
2020-08-08,190.2437544444132,5,8,8,3,221,1,192.61551469428449,193.18861374122736,192.1923780233457,190.7242609372886,190.1233466745054,190.48391731430684,191.2771895637252,191.36739797562453,1.2622477333166584,188.8149611817178,4.089493083444963,188.9696907164255,6.9048830824181655
2020-08-09,186.52131751690925,6,8,9,3,222,1,190.2437544444132,192.61551469428449,193.18861374122736,192.1923780233457,190.7242609372886,190.1233466745054,190.48391731430684,190.80131229028203,2.2368282139728803,189.19512176889802,3.537133573057862,188.293230499694,6.0356755182948
2020-08-10,183.46630970807985,0,8,10,3,223,0,186.52131751690925,190.2437544444132,192.61551469428449,193.18861374122736,192.1923780233457,190.7242609372886,190.1233466745054,189.85030700936406,3.583112030701616,189.34610602453276,3.2062556335798233,187.62409666701777,5.362208340919787
2020-08-11,181.38206767226248,1,8,11,3,224,0,183.46630970807985,186.52131751690925,190.2437544444132,192.61551469428449,193.18861374122736,192.1923780233457,190.7242609372886,188.5157079715032,4.7523915173773155,189.2076210938787,3.5136520760369794,187.02628852230694,5.001306241014111
2020-08-12,180.47152031488807,2,8,12,3,225,0,181.38206767226248,183.46630970807985,186.52131751690925,190.2437544444132,192.61551469428449,193.18861374122736,192.1923780233457,186.84129972743781,5.276945177164624,188.79640507883252,4.165535711368353,186.51820852846632,4.86055390724467
2020-08-13,179.49311049478447,3,8,13,3,226,0,180.47152031488807,181.38206767226248,183.46630970807985,186.52131751690925,190.2437544444132,192.61551469428449,193.18861374122736,184.88479926366026,5.06604931172061,188.09373024595124,4.84311870780729,186.05362544815748,4.8431260476724844
2020-08-14,177.2099529171409,4,8,14,3,227,0,179.49311049478447,180.47152031488807,181.38206767226248,183.46630970807985,186.52131751690925,190.2437544444132,192.61551469428449,182.6840047240683,4.457651902583133,187.099518144083,5.549297908877875,185.5522008713951,4.956568505356374
2020-08-15,173.54551380858072,5,8,15,3,228,1,177.2099529171409,179.49311049478447,180.47152031488807,181.38206767226248,183.46630970807985,186.52131751690925,190.2437544444132,180.29854177609224,4.1982760142835085,185.8329698758584,6.469640737113355,184.96095190536525,5.295707375944149
2020-08-16,169.48261481337718,6,8,16,3,229,1,173.54551380858072,177.2099529171409,179.49311049478447,180.47152031488807,181.38206767226248,183.46630970807985,186.52131751690925,177.86444138987335,4.874090586348791,184.3328768400777,7.637610165113305,184.30174194123248,5.934587954952085
2020-08-17,166.38367580830922,0,8,17,3,230,0,169.48261481337718,173.54551380858072,177.2099529171409,179.49311049478447,180.47152031488807,181.38206767226248,183.46630970807985,175.42406511847759,5.791941953063879,182.6371860639208,8.799996911292135,183.64885877789044,6.76412044974138
2020-08-18,164.93956466563372,1,8,18,3,231,0,166.38367580830922,169.48261481337718,173.54551380858072,177.2099529171409,179.49311049478447,180.47152031488807,181.38206767226248,173.0751361175306,6.286019311142259,180.7954220445169,9.635810574698109,183.0638486716803,7.577811893673575
2020-08-19,165.17125776652756,2,8,19,3,232,0,164.93956466563372,166.38367580830922,169.48261481337718,173.54551380858072,177.2099529171409,179.49311049478447,180.47152031488807,170.8893843249077,5.935857845616188,178.86534202617275,9.880462345653179,182.57026998926443,8.239081227622528
2020-08-20,165.7647226032485,3,8,20,3,233,0,165.17125776652756,164.93956466563372,166.38367580830922,169.48261481337718,173.54551380858072,177.2099529171409,179.49311049478447,168.92818605468827,4.773545386635556,176.90649265917426,9.534781732708419,182.11678505458806,8.778111283261655
2020-08-21,165.5910568533006,4,8,21,3,234,0,165.7647226032485,165.17125776652756,164.93956466563372,166.38367580830922,169.48261481337718,173.54551380858072,177.2099529171409,167.2683437598539,3.161846696323473,174.97617424196116,8.818497693732263,181.62493791140076,9.279770668667556
2020-08-22,164.56039951974984,5,8,22,3,235,1,165.5910568533006,165.7647226032485,165.17125776652756,164.93956466563372,166.38367580830922,169.48261481337718,173.54551380858072,165.9847560043067,1.652299543558239,173.1416488901995,8.034681136579879,181.05561075093956,9.788776826322154
2020-08-23,163.0786744350364,6,8,23,3,236,1,164.56039951974984,165.5910568533006,165.7647226032485,165.17125776652756,164.93956466563372,166.38367580830922,169.48261481337718,165.0699073788294,1.059262359392543,171.4671743843514,7.453564592240308,180.4143095476233,10.319087983210224
2020-08-24,162.57343879152953,0,8,24,3,237,0,163.0786744350364,164.56039951974984,165.5910568533006,165.7647226032485,165.17125776652756,164.93956466563372,166.38367580830922,164.52558780500377,1.2358938606048906,169.97482646174063,6.940200498474176,179.7681551411136,10.814121884408914
2020-08-25,164.10680722787762,1,8,25,3,238,0,162.57343879152953,163.0786744350364,164.56039951974984,165.5910568533006,165.7647226032485,165.17125776652756,164.93956466563372,164.4066224567529,1.2294668804089615,168.74087928714175,6.258254348307527,179.19841307216333,11.18019161852384
2020-08-26,166.92354424600347,2,8,26,3,239,0,164.10680722787762,162.57343879152953,163.0786744350364,164.56039951974984,165.5910568533006,165.7647226032485,165.17125776652756,164.656949096678,1.5481772621264196,167.77316671079282,5.275042385899013,178.71744687605695,11.392671849332377
2020-08-27,170.0381677234982,3,8,27,3,240,0,166.92354424600347,164.10680722787762,162.57343879152953,163.0786744350364,164.56039951974984,165.5910568533006,165.7647226032485,165.26744125671368,2.565883994367641,167.09781365570097,4.142896246781333,178.27469057679295,11.46547094315588
2020-08-28,171.91022978744192,4,8,28,3,241,0,170.0381677234982,166.92354424600347,164.10680722787762,162.57343879152953,163.0786744350364,164.56039951974984,165.5910568533006,166.1701802473053,3.6013865998387846,166.71926200357962,3.3052921514826554,177.7974134188565,11.420885976923635
2020-08-29,172.43214756433932,5,8,29,3,242,1,171.91022978744192,170.0381677234982,166.92354424600347,164.10680722787762,162.57343879152953,163.0786744350364,164.56039951974984,167.29471568224662,4.1950108010729075,166.63973584327664,3.1375546169825124,177.2341330658304,11.247860433997127
2020-08-30,172.20884831647192,6,8,30,3,243,1,172.43214756433932,171.91022978744192,170.0381677234982,166.92354424600347,164.10680722787762,162.57343879152953,163.0786744350364,168.59902623673744,4.08358109419895,166.83446680778343,3.4011017161870627,176.60346393160293,10.968878509578026
2020-08-31,172.4502844582696,0,8,31,3,244,0,172.20884831647192,172.43214756433932,171.91022978744192,170.0381677234982,166.92354424600347,164.10680722787762,162.57343879152953,170.01000418912886,3.2823335619525458,167.2677959970663,3.7115491710685653,175.97590042808773,10.633856429383012
2020-09-01,173.78377046948506,1,9,1,3,245,0,172.4502844582696,172.20884831647192,172.43214756433932,171.91022978744192,170.0381677234982,166.92354424600347,164.10680722787762,171.3924275093585,2.2604645390104516,167.8995249830557,4.024280970353813,175.41922886659364,10.279397804085471
2020-09-02,176.11852897605232,2,9,2,3,246,0,173.78377046948506,172.4502844582696,172.20884831647192,172.43214756433932,171.91022978744192,170.0381677234982,166.92354424600347,172.7059967565083,1.8683802198395572,168.6814729265932,4.489999774636342,174.95240160997855,9.899590146049512
2020-09-03,178.02648086232952,3,9,3,3,247,0,176.11852897605232,173.78377046948506,172.4502844582696,172.20884831647192,172.43214756433932,171.91022978744192,170.0381677234982,173.84718434776997,2.3458880129957214,169.5573128022418,5.039564066406626,174.5291422741466,9.46386709138986
2020-09-04,178.34140831641773,4,9,4,3,248,0,178.02648086232952,176.11852897605232,173.78377046948506,172.4502844582696,172.20884831647192,172.43214756433932,171.91022978744192,174.76592413762364,2.694340362020318,170.46805219246446,5.406410569268138,174.06744328391565,8.893095202030825
2020-09-05,176.88525914393193,5,9,5,3,249,1,178.34140831641773,178.02648086232952,176.11852897605232,173.78377046948506,172.4502844582696,172.20884831647192,172.43214756433932,175.4020829347083,2.5745226608592087,171.34839930847744,5.373801179343928,173.5239981306725,8.15155596195367
2020-09-06,174.1540467702645,6,9,6,3,250,1,176.88525914393193,178.34140831641773,178.02648086232952,176.11852897605232,173.78377046948506,172.4502844582696,172.20884831647192,175.67996842810723,2.2579233119628013,172.1394973324223,4.852693237345324,172.9086158665385,7.314459392860311
2020-09-07,171.64735401576405,0,9,7,3,251,0,174.1540467702645,176.88525914393193,178.34140831641773,178.02648086232952,176.11852897605232,173.78377046948506,172.4502844582696,175.56526407917787,2.4606342995319728,172.7876341341534,4.009448477023963,172.28873585225017,6.541892547697406
2020-09-08,170.4246783871906,1,9,8,3,252,0,171.64735401576405,174.1540467702645,176.88525914393193,178.34140831641773,178.02648086232952,176.11852897605232,173.78377046948506,175.0853937817072,3.108276590940337,173.23891064553285,3.2387022495733384,171.75218121459287,5.969364282213017
2020-09-09,170.00796033277535,2,9,9,3,253,0,170.4246783871906,171.64735401576405,174.1540467702645,176.88525914393193,178.34140831641773,178.02648086232952,176.11852897605232,174.21245540409626,3.5904296960930844,173.45922608030227,2.858659477260721,171.30356956874942,5.54961917282466
2020-09-10,169.22165265872164,3,9,10,3,254,0,170.00796033277535,170.4246783871906,171.64735401576405,174.1540467702645,176.88525914393193,178.34140831641773,178.02648086232952,172.9546228035808,3.5738269475515954,173.4009035756754,2.9409693471201948,170.8982224016314,5.222560411030847
2020-09-11,167.00900423424355,4,9,11,3,255,0,169.22165265872164,170.00796033277535,170.4246783871906,171.64735401576405,174.1540467702645,176.88525914393193,178.34140831641773,171.3357079346988,3.2817718498855,173.05081603616122,3.389569066808631,170.44947186560992,4.942481764811469
2020-09-12,163.4185557745918,5,9,12,3,256,1,167.00900423424355,169.22165265872164,170.00796033277535,170.4246783871906,171.64735401576405,174.1540467702645,176.88525914393193,169.41189316765022,3.4301723898659957,172.40698805117927,4.26031602648479,169.9136533749368,4.797445410894068
2020-09-13,159.21246117104667,6,9,13,3,257,1,163.4185557745918,167.00900423424355,169.22165265872164,170.00796033277535,170.4246783871906,171.64735401576405,174.1540467702645,167.27738093919052,4.476678285545378,171.47867468364888,5.532737288256149,169.31373698340033,4.975566261014947
2020-09-14,155.56639427159743,0,9,14,3,258,0,159.21246117104667,163.4185557745918,167.00900423424355,169.22165265872164,170.00796033277535,170.4246783871906,171.64735401576405,164.98010097573817,5.792983805991111,170.27268252745802,6.960549093822605,168.7144329988342,5.503096518528213
2020-09-15,153.7246754835465,1,9,15,3,259,0,155.56639427159743,159.21246117104667,163.4185557745918,167.00900423424355,169.22165265872164,170.00796033277535,170.4246783871906,162.59438627521757,6.564445973752268,168.83989002846238,8.14582689618482,168.18916835450653,6.142176706562119
2020-09-16,153.27828344789748,2,9,16,3,260,0,153.7246754835465,155.56639427159743,159.21246117104667,163.4185557745918,167.00900423424355,169.22165265872164,170.00796033277535,160.2044324345207,6.460098576538313,167.20844391930845,8.8340722835107,167.75232194249284,6.714403837447304
2020-09-17,153.0570624035128,3,9,17,3,261,0,153.27828344789748,153.7246754835465,155.56639427159743,159.21246117104667,163.4185557745918,167.00900423424355,169.22165265872164,157.89520525520518,5.520328618541696,165.42491402939302,9.000977732291672,167.35623853375546,7.217664956481558
2020-09-18,152.16731439360905,4,9,18,3,262,0,153.0570624035128,153.27828344789748,153.7246754835465,155.56639427159743,159.21246117104667,163.4185557745918,167.00900423424355,155.77496384940022,4.105354326972567,163.5553358920495,8.828373887454232,166.92277375465815,7.725993875217535
2020-09-19,150.0244851575489,5,9,19,3,263,1,152.16731439360905,153.0570624035128,153.27828344789748,153.7246754835465,155.56639427159743,159.21246117104667,163.4185557745918,153.8615251898227,2.8907432734730656,161.63670917873645,8.625024774299423,166.39809917313485,8.319049663861604
2020-09-20,147.93479418601544,6,9,20,3,264,1,150.0244851575489,152.16731439360905,153.0570624035128,153.27828344789748,153.7246754835465,155.56639427159743,159.21246117104667,152.2504299062468,2.5318836356156695,159.76390542271866,8.544178855141215,165.80955708422533,8.976678388858405
2020-09-21,146.86295060511517,0,9,21,3,265,0,147.93479418601544,150.0244851575489,152.16731439360905,153.0570624035128,153.27828344789748,153.7246754835465,155.56639427159743,151.00708081103502,2.7589401106732985,157.9935908933866,8.459773570783073,165.2196421204042,9.620049832350142
2020-09-22,147.5886938381213,1,9,22,3,266,0,146.86295060511517,147.93479418601544,150.0244851575489,152.16731439360905,153.0570624035128,153.27828344789748,153.7246754835465,150.13051200454575,2.726167694482698,156.36244913988165,8.071136674631909,164.70330943384033,10.140536638075542
2020-09-23,150.06617231042264,2,9,23,3,267,0,147.5886938381213,146.86295060511517,147.93479418601544,150.0244851575489,152.16731439360905,153.0570624035128,153.27828344789748,149.67163898490645,2.352787892063252,154.9380357097136,7.189201246874735,164.28640055113678,10.482463285886611
2020-09-24,152.57330337311322,3,9,24,3,268,0,150.06617231042264,147.5886938381213,146.86295060511517,147.93479418601544,150.0244851575489,152.16731439360905,153.0570624035128,149.60253055199223,2.241234699158661,153.7488679035987,5.907443507117676,163.9019504226446,10.698548716209286
2020-09-25,154.36448716927077,4,9,25,3,269,0,152.57330337311322,150.06617231042264,147.5886938381213,146.86295060511517,147.93479418601544,150.0244851575489,152.16731439360905,149.91641237708677,2.755215053010917,152.8456881132435,4.530240726905978,163.48331518675352,10.821251292638063
2020-09-26,154.84618759892183,5,9,26,3,270,1,154.36448716927077,152.57330337311322,150.06617231042264,147.5886938381213,146.86295060511517,147.93479418601544,150.0244851575489,150.60522701156862,3.3295896828596785,152.23337610069566,3.4392257309123204,162.97691584926767,10.859328707159541
2020-09-27,154.8042961862182,6,9,27,3,271,1,154.84618759892183,154.36448716927077,152.57330337311322,150.06617231042264,147.5886938381213,146.86295060511517,147.93479418601544,151.58658444016902,3.422390450553713,151.9185071732079,2.9125928793666978,162.40671806256023,10.823122482546562
2020-09-28,155.2084679762549,0,9,28,3,272,0,154.8042961862182,154.84618759892183,154.36448716927077,152.57330337311322,150.06617231042264,147.5886938381213,146.86295060511517,152.77880120747471,2.9192520838916756,151.89294100925486,2.879492151442252,161.83259540962405,10.729393225902706
2020-09-29,157.2658616534297,1,9,29,3,273,0,155.2084679762549,154.8042961862182,154.84618759892183,154.36448716927077,152.57330337311322,150.06617231042264,147.5886938381213,154.16125375251877,2.2712136271524326,152.14588287853226,3.1914125937710827,161.33449585418933,10.576848218184272
2020-09-30,160.13736417597576,2,9,30,3,274,0,157.2658616534297,155.2084679762549,154.8042961862182,154.84618759892183,154.36448716927077,152.57330337311322,150.06617231042264,155.5999954475978,2.42915719817983,152.63581721625215,3.8393451922857307,160.92406517811287,10.3674567034729
2020-10-01,162.76203578715763,3,10,1,4,275,0,160.13736417597576,157.2658616534297,155.2084679762549,154.8042961862182,154.84618759892183,154.36448716927077,152.57330337311322,157.05552864960413,3.232871447014886,153.32902960079818,4.700758342000892,160.55667402203528,10.08754340141074
2020-10-02,164.00821503592118,4,10,2,4,276,0,162.76203578715763,160.13736417597576,157.2658616534297,155.2084679762549,154.8042961862182,154.84618759892183,154.36448716927077,158.4332040591256,3.8841765269947914,154.1748082181062,5.476827518181064,160.15299689069758,9.67729403143528
2020-10-03,163.32428562596533,5,10,3,4,277,1,164.00821503592118,162.76203578715763,160.13736417597576,157.2658616534297,155.2084679762549,154.8042961862182,154.84618759892183,159.6443609201318,3.90103936943114,155.1247939658502,5.842789442274847,159.6629237161521,9.095738041031035
2020-10-04,161.5464406315897,6,10,4,4,278,1,163.32428562596533,164.00821503592118,162.76203578715763,160.13736417597576,157.2658616534297,155.2084679762549,154.8042961862182,160.60752441232776,3.291568576997894,156.09705442624838,5.684688162027754,159.10309145999116,8.39642893956535
2020-10-05,160.06285323356863,0,10,5,4,279,0,161.5464406315897,163.32428562596533,164.00821503592118,162.76203578715763,160.13736417597576,157.2658616534297,155.2084679762549,161.3010080205154,2.3376256426758477,157.03990461399505,5.099903389904513,158.5423445963124,7.700835362089891
2020-10-06,159.5586365181724,1,10,6,4,280,0,160.06285323356863,161.5464406315897,163.32428562596533,164.00821503592118,162.76203578715763,160.13736417597576,157.2658616534297,161.62854728690724,1.7696252109296007,157.894900519713,4.3403435074504495,158.05583092124263,7.119642161600082
2020-10-07,159.86592990510695,2,10,7,4,281,0,159.5586365181724,160.06285323356863,161.5464406315897,163.32428562596533,164.00821503592118,162.76203578715763,160.13736417597576,161.5897709624974,1.8102535763395138,158.59488320504758,3.7276294151920197,157.66311678422076,6.653777919005067
2020-10-08,159.79921775343607,3,10,8,4,282,0,159.86592990510695,159.5586365181724,160.06285323356863,161.5464406315897,163.32428562596533,164.00821503592118,162.76203578715763,161.16651124339432,1.8366610334398863,159.11101994649923,3.3061633803790653,157.30893476309564,6.219691152520138
2020-10-09,158.25100918809565,4,10,9,4,283,0,159.79921775343607,159.86592990510695,159.5586365181724,160.06285323356863,161.5464406315897,163.32428562596533,164.00821503592118,160.3440532651335,1.6294045138483664,159.38862866212958,3.028460189908941,156.91703639160627,5.7441631746854505
2020-10-10,154.79224313405177,5,10,10,4,284,1,158.25100918809565,159.79921775343607,159.86592990510695,159.5586365181724,160.06285323356863,161.5464406315897,163.32428562596533,159.12519005200303,2.139749693276971,159.3847754860674,3.0347120739955806,156.4360560741173,5.262219964461682
2020-10-11,150.8140010986753,6,10,11,4,285,1,154.79224313405177,158.25100918809565,159.79921775343607,159.86592990510695,159.5586365181724,160.06285323356863,161.5464406315897,157.59198440444382,3.5173271823003622,159.0997544083858,3.6274940557001734,155.896222636265,4.962325215573791
2020-10-12,147.0275397856602,0,10,12,4,286,0,150.8140010986753,154.79224313405177,158.25100918809565,159.79921775343607,159.86592990510695,159.5586365181724,160.06285323356863,155.72979676902833,5.090148014387617,158.51540239477185,4.778791161537719,155.34985543663396,5.007676868514239
2020-10-13,145.00563087213456,1,10,13,4,287,0,147.0275397856602,150.8140010986753,154.79224313405177,158.25100918809565,159.79921775343607,159.86592990510695,159.5586365181724,153.6507959624515,6.131199593520229,157.63967162467935,5.994195254504793,154.8762944266702,5.293403373101999
2020-10-14,144.2010494295662,2,10,14,4,288,0,145.00563087213456,147.0275397856602,150.8140010986753,154.79224313405177,158.25100918809565,159.79921775343607,159.86592990510695,151.41295589451713,6.3398734629402504,156.50136342850723,6.924385884840054,154.49744959860251,5.637810698465639
2020-10-15,143.5238600353981,3,10,15,4,289,0,144.2010494295662,145.00563087213456,147.0275397856602,150.8140010986753,154.79224313405177,158.25100918809565,159.79921775343607,149.08790479194025,5.7042583546187124,155.1272080176673,7.473521933106278,154.15742241699755,5.983068951351419
2020-10-16,141.8982725935987,4,10,16,4,290,0,143.5238600353981,144.2010494295662,145.00563087213456,147.0275397856602,150.8140010986753,154.79224313405177,158.25100918809565,146.75179956415496,4.559934132985893,153.54792641464425,7.782181385669158,153.77808872185426,6.3877937363314725
2020-10-17,139.19710732787294,5,10,17,4,291,1,141.8982725935987,143.5238600353981,144.2010494295662,145.00563087213456,147.0275397856602,150.8140010986753,154.79224313405177,144.52392302041514,3.7067191357553204,151.82455653620906,8.115034808469943,153.31609021933295,6.920721550705235
2020-10-18,136.1880173120804,6,10,18,4,292,1,139.19710732787294,141.8982725935987,143.5238600353981,144.2010494295662,145.00563087213456,147.0275397856602,150.8140010986753,142.4344967651873,3.692355339609237,150.01324058481558,8.594065399304165,152.78344698328198,7.59431535994033
2020-10-19,134.25945698410644,0,10,19,4,293,0,136.1880173120804,139.19710732787294,141.8982725935987,143.5238600353981,144.2010494295662,145.00563087213456,147.0275397856602,140.6104849363939,4.168273521434337,148.1701408527111,9.028937375806068,152.25794604416723,8.304084881434349
2020-10-20,134.31259818623224,1,10,20,4,294,0,134.25945698410644,136.1880173120804,139.19710732787294,141.8982725935987,143.5238600353981,144.2010494295662,145.00563087213456,139.08290883840786,4.247718475299133,146.36685240042968,9.100253578935986,151.80387284417446,8.899704255932885
2020-10-21,135.8832856113467,2,10,21,4,295,0,134.31259818623224,134.25945698410644,136.1880173120804,139.19710732787294,141.8982725935987,143.5238600353981,144.2010494295662,137.8946568643765,3.7062402305694784,144.65380637944682,8.607629457352184,151.43788401104885,9.325477319641871
2020-10-22,137.84376344732868,3,10,22,4,296,0,135.8832856113467,134.31259818623224,134.25945698410644,136.1880173120804,139.19710732787294,141.8982725935987,143.5238600353981,137.0832144946523,2.7725707277941796,143.08555964329628,7.573985501345458,151.11305299802243,9.628960776164243
2020-10-23,139.13938756336137,4,10,23,4,297,0,137.84376344732868,135.8832856113467,134.31259818623224,134.25945698410644,136.1880173120804,139.19710732787294,141.8982725935987,136.68908806176125,2.0848103159224243,141.7204438129581,6.2341501785601405,150.74882683978703,9.873479921722765
2020-10-24,139.1842799313542,5,10,24,4,298,1,139.13938756336137,137.84376344732868,135.8832856113467,134.31259818623224,134.25945698410644,136.1880173120804,139.19710732787294,136.6872555765443,2.0822424867251597,140.6055892984797,4.987675204865666,150.30252605839507,10.088431521110198
2020-10-25,138.88950919694884,6,10,25,4,299,1,139.1842799313542,139.13938756336137,137.84376344732868,135.8832856113467,134.31259818623224,134.25945698410644,136.1880173120804,137.07318298866835,2.2200790163497057,139.75383987692786,4.038052955161209,149.7866934593177,10.267612276294386
2020-10-26,139.3935087095549,0,10,26,4,300,0,138.88950919694884,139.1842799313542,139.13938756336137,137.84376344732868,135.8832856113467,134.31259818623224,134.25945698410644,137.8066189494467,1.969511965578232,139.2085519429203,3.453389804538458,149.27160416300546,10.391893877759376
2020-10-27,141.39488728451778,1,10,27,4,301,0,139.3935087095549,138.88950919694884,139.1842799313542,139.13938756336137,137.84376344732868,135.8832856113467,134.31259818623224,138.81837453491607,1.6721147933546339,138.95064168666195,3.1043320247380692,148.8246238662821,10.434013574350413
2020-10-28,144.6621078561677,2,10,28,4,302,0,141.39488728451778,139.3935087095549,138.88950919694884,139.1842799313542,139.13938756336137,137.84376344732868,135.8832856113467,140.0724919984619,2.2840244141639077,138.9835744314192,3.1661464757501316,148.47307852894585,10.389079294458874
2020-10-29,147.89239407595016,3,10,29,4,303,0,144.6621078561677,141.39488728451778,139.3935087095549,138.88950919694884,139.1842799313542,139.13938756336137,137.84376344732868,141.50801065969355,3.489490075131197,139.29561257717293,3.7998786459182328,148.16062960969654,10.25561497770285
2020-10-30,149.69722686056,4,10,30,4,304,0,147.89239407595016,144.6621078561677,141.39488728451778,139.3935087095549,138.88950919694884,139.1842799313542,139.13938756336137,143.01627341643623,4.445749593995116,139.85268073909876,4.6804273459473045,147.812625032516,10.00937020173098
2020-10-31,149.75417065331084,5,10,31,4,305,1,149.69722686056,147.89239407595016,144.6621078561677,141.39488728451778,139.3935087095549,138.88950919694884,139.1842799313542,144.5262578052872,4.714213469887256,140.60675669091572,5.366793200049002,147.37902952805447,9.613356062711441
2020-11-01,148.87335292877472,6,11,1,4,306,1,149.75417065331084,149.69722686056,147.89239407595016,144.6621078561677,141.39488728451778,139.3935087095549,138.88950919694884,145.95252119554803,4.207682698910237,141.51285209210818,5.627879308708348,146.87453412448292,9.093668794674377
2020-11-02,148.32059258337736,0,11,2,4,307,0,148.87335292877472,149.75417065331084,149.69722686056,147.89239407595016,144.6621078561677,141.39488728451778,139.3935087095549,147.22781889180837,3.0938107563349044,142.51721892062753,5.486769986560637,146.3744110230633,8.554375003628882
2020-11-03,148.67097741930488,1,11,3,4,308,0,148.32059258337736,148.87335292877472,149.75417065331084,149.69722686056,147.89239407595016,144.6621078561677,141.39488728451778,148.2672603396351,1.7285126415512038,143.54281743727557,5.167854735190136,145.94522891598714,8.076574119483737
2020-11-04,149.91657382274127,2,11,4,4,309,0,148.67097741930488,148.32059258337736,148.87335292877472,149.75417065331084,149.69722686056,147.89239407595016,144.6621078561677,149.0178983348599,0.785858813590862,144.5451951666609,4.923078152382417,145.6070196022929,7.667066007006103
2020-11-05,150.6351184952659,3,11,5,4,310,0,149.91657382274127,148.67097741930488,148.32059258337736,148.87335292877472,149.75417065331084,149.69722686056,147.89239407595016,149.40971610904785,0.8143952237296381,145.45886338437072,4.768228222134777,145.30956900152938,7.269949939663269
2020-11-06,149.7992258020467,4,11,6,4,311,0,150.6351184952659,149.91657382274127,148.67097741930488,148.32059258337736,148.87335292877472,149.75417065331084,149.69722686056,149.4242873864031,0.8212801589023953,146.22028040141964,4.526455515583542,144.97401219809402,6.791486597743008
2020-11-07,147.18515457560852,5,11,7,4,312,1,149.7992258020467,150.6351184952659,149.91657382274127,148.67097741930488,148.32059258337736,148.87335292877472,149.75417065331084,149.05728508958848,1.1553545321647947,146.79177144743784,4.0497639559607315,144.55354342549975,6.20734555741616
2020-11-08,143.51535586213907,6,11,8,4,313,1,147.18515457560852,149.7992258020467,150.6351184952659,149.91657382274127,148.67097741930488,148.32059258337736,148.87335292877472,148.29185693721197,2.400939097418882,147.12218906638,3.507884903584655,144.06235498130124,5.643495828045531
2020-11-09,140.25718608819443,0,11,9,4,314,0,143.51535586213907,147.18515457560852,149.7992258020467,150.6351184952659,149.91657382274127,148.67097741930488,148.32059258337736,147.13994172361438,3.869836357361906,147.1838803077114,3.3662444145606134,143.57785307977264,5.304288627369615
2020-11-10,138.3167278835992,1,11,10,4,315,0,140.25718608819443,143.51535586213907,147.18515457560852,149.7992258020467,150.6351184952659,149.91657382274127,148.67097741930488,145.66076321851358,5.0007174387291125,146.96401177907435,3.840552649261586,143.16127730593678,5.206231002693386
2020-11-11,137.37605019208164,2,11,11,4,316,0,138.3167278835992,140.25718608819443,143.51535586213907,147.18515457560852,149.7992258020467,150.6351184952659,149.91657382274127,143.86925984270508,5.44825973782155,146.44357908878246,4.595870417303317,142.83956098615081,5.257035423365383
2020-11-12,136.53464370532322,3,11,12,4,317,0,137.37605019208164,138.3167278835992,140.25718608819443,143.51535586213907,147.18515457560852,149.7992258020467,150.6351184952659,141.85490630128467,5.12701365761282,145.63231120516625,5.273008782506541,142.5571947472571,5.363106485964811
2020-11-13,134.52597605577594,4,11,13,4,318,0,136.53464370532322,137.37605019208164,138.3167278835992,140.25718608819443,143.51535586213907,147.18515457560852,149.7992258020467,139.67301348038887,4.377861473982948,144.54865043339598,5.895544164056167,142.2346923014641,5.548539431429488
2020-11-14,131.3101232729348,5,11,14,4,319,1,134.52597605577594,136.53464370532322,137.37605019208164,138.3167278835992,140.25718608819443,143.51535586213907,147.18515457560852,137.4051518657212,3.9263494745283234,143.23121847765483,6.654721378208466,141.82756774271533,5.888370032836203
2020-11-15,127.64527711427267,6,11,15,4,320,1,131.3101232729348,134.52597605577594,136.53464370532322,137.37605019208164,138.3167278835992,140.25718608819443,143.51535586213907,135.13799775888313,4.367264003428077,141.71492734804755,7.618848388865432,141.35246789340445,6.432339950576558
2020-11-16,124.99473993604164,0,11,16,4,321,0,127.64527711427267,131.3101232729348,134.52597605577594,136.53464370532322,137.37605019208164,138.3167278835992,140.25718608819443,132.9576483085756,5.129004017762141,140.048795016095,8.556036810202432,140.87905564701006,7.085879669582477
2020-11-17,124.20652972338428,1,11,17,4,322,0,124.99473993604164,127.64527711427267,131.3101232729348,134.52597605577594,136.53464370532322,137.37605019208164,138.3167278835992,130.94190571425918,5.43537653464446,138.30133446638638,9.13808446372144,140.47967272738688,7.6727532004643795
2020-11-18,124.91787001215556,2,11,18,4,323,0,124.20652972338428,124.99473993604164,127.64527711427267,131.3101232729348,134.52597605577594,136.53464370532322,137.37605019208164,129.16216568855546,4.999639612099877,136.51571276563024,9.13625384909648,140.1682864949885,8.110939583449909
2020-11-19,126.2820633750376,3,11,19,4,324,0,124.91787001215556,124.20652972338428,124.99473993604164,127.64527711427267,131.3101232729348,134.52597605577594,136.53464370532322,127.69751135565751,3.849317007161645,134.77620882847108,8.540097610524507,139.90060200128204,8.436826793960671
2020-11-20,126.60498979233712,4,11,20,4,325,0,126.2820633750376,124.91787001215556,124.20652972338428,124.99473993604164,127.64527711427267,131.3101232729348,134.52597605577594,126.56594188945193,2.3981234169436894,133.1194776849204,7.599512342475676,139.5913254739817,8.753297424224492
2020-11-21,126.02180400975136,5,11,21,4,326,1,126.60498979233712,126.2820633750376,124.91787001215556,124.20652972338428,124.99473993604164,127.64527711427267,131.3101232729348,125.81046770899717,1.1761247034766005,131.60780978735917,6.629336836049535,139.19726015939577,9.09415419220716
2020-11-22,125.29468981066604,6,11,22,4,327,1,126.02180400975136,126.60498979233712,126.2820633750376,124.91787001215556,124.20652972338428,124.99473993604164,127.64527711427267,125.47466952276766,0.8573014096923316,130.3063336408254,5.8551585250340015,138.73577023430596,9.441826419992447
2020-11-23,125.41087478740975,0,11,23,4,328,0,125.29468981066604,126.02180400975136,126.60498979233712,126.2820633750376,124.91787001215556,124.20652972338428,124.99473993604164,125.53411735867738,0.8325456229787557,129.2458828336265,5.224790961927851,138.2766567295078,9.749133683221645
2020-11-24,127.26417659515845,1,11,24,4,329,0,125.41087478740975,125.29468981066604,126.02180400975136,126.60498979233712,126.2820633750376,124.91787001215556,124.20652972338428,125.97092405464512,0.8219700613870374,128.45641488445216,4.5387309514216145,137.88914564278144,9.952848846919176
2020-11-25,130.4833003672857,2,11,25,4,330,0,127.26417659515845,125.41087478740975,125.29468981066604,126.02180400975136,126.60498979233712,126.2820633750376,124.91787001215556,126.76598553394943,1.7739582187046368,127.96407561125243,3.8124877981386596,137.59213869803912,10.038982375908331
2020-11-26,133.76305062629356,3,11,26,4,331,0,130.4833003672857,127.26417659515845,125.41087478740975,125.29468981066604,126.02180400975136,126.60498979233712,126.2820633750376,127.83469799841455,3.152017383067226,127.76610467703604,3.3807213686439477,137.33774414276502,10.035992757324058
2020-11-27,135.85511001396688,4,11,27,4,332,0,133.76305062629356,130.4833003672857,127.26417659515845,125.41087478740975,125.29468981066604,126.02180400975136,126.60498979233712,129.15614374436169,4.285685011556752,127.8610428169068,3.5969063782370814,137.04417754802498,9.942732275410178
2020-11-28,136.48292413690282,5,11,28,4,333,1,135.85511001396688,133.76305062629356,130.4833003672857,127.26417659515845,125.41087478740975,125.29468981066604,126.02180400975136,130.6505894768119,4.803238926800438,128.23052859290453,4.19450158937102,136.66386188339004,9.729393487362028
2020-11-29,136.195226959114,6,11,29,4,334,1,136.48292413690282,135.85511001396688,133.76305062629356,130.4833003672857,127.26417659515845,125.41087478740975,125.29468981066604,132.2078090694473,4.537059229025192,128.8412392961075,4.695270300005099,136.21379522000854,9.412841645299885
2020-11-30,136.42634841708124,0,11,30,4,335,0,136.195226959114,136.48292413690282,135.85511001396688,133.76305062629356,130.4833003672857,127.26417659515845,125.41087478740975,133.78144815940036,3.6002966864156036,129.65778275903887,4.961360230246512,135.7695344788009,9.059627059285337
2020-12-01,137.66423820383315,1,12,1,4,336,0,136.42634841708124,136.195226959114,136.48292413690282,135.85511001396688,133.76305062629356,130.4833003672857,127.26417659515845,135.2671712463539,2.4125517483434082,130.61904765049954,5.124953926956138,135.39589732130284,8.725547376602274
2020-12-02,139.72529030311185,2,12,2,4,337,0,137.66423820383315,136.42634841708124,136.195226959114,136.48292413690282,135.85511001396688,133.76305062629356,130.4833003672857,136.58745552290048,1.8124470829499608,131.67672052842497,5.379489593639685,135.109387245294,8.422370435605732
2020-12-03,141.4318126265361,3,12,3,4,338,0,139.72529030311185,137.66423820383315,136.42634841708124,136.195226959114,136.48292413690282,135.85511001396688,133.76305062629356,137.68299295150658,2.113405762278394,132.75884547496057,5.723577298442712,134.86808175220168,8.11865215861736
2020-12-04,141.53972135076015,4,12,4,4,339,0,141.4318126265361,139.72529030311185,137.66423820383315,136.42634841708124,136.195226959114,136.48292413690282,135.85511001396688,138.49508028533418,2.3705027787406934,133.82561201484793,5.878077600851017,134.588853336469,7.717372876643496
2020-12-05,139.66114641354662,5,12,5,4,340,1,141.53972135076015,141.4318126265361,139.72529030311185,137.66423820383315,136.42634841708124,136.195226959114,136.48292413690282,138.94911203914043,2.2204963619104823,134.79985075797617,5.609328893072508,134.22305426707834,7.171323982351786
2020-12-06,136.75137553983092,6,12,6,4,341,1,139.66114641354662,141.53972135076015,141.4318126265361,139.72529030311185,137.66423820383315,136.42634841708124,136.195226959114,139.0285618363857,2.112881182728719,135.61818545291652,4.907798967085798,133.78812592500446,6.564032483857822
2020-12-07,134.18477679098496,0,12,7,4,342,0,136.75137553983092,139.66114641354662,141.53972135076015,141.4318126265361,139.72529030311185,137.66423820383315,136.42634841708124,138.70833731837197,2.6695359786192463,136.24489273888616,3.9758035489230013,133.35477999885038,6.058770916437001
2020-12-08,132.7104378865442,1,12,8,4,343,0,134.18477679098496,136.75137553983092,139.66114641354662,141.53972135076015,141.4318126265361,139.72529030311185,137.66423820383315,138.00065155875924,3.5151447276910894,136.63391140255658,3.2250413418295674,132.99461606633054,5.747079554159846
2020-12-09,132.12101927198947,2,12,9,4,344,0,132.7104378865442,134.18477679098496,136.75137553983092,139.66114641354662,141.53972135076015,141.4318126265361,139.72529030311185,136.91432712574178,4.0305592323398285,136.75089132432115,3.007122194189364,132.72341050579035,5.582146580711703
2020-12-10,131.3952279578328,3,12,10,4,345,0,132.12101927198947,132.7104378865442,134.18477679098496,136.75137553983092,139.66114641354662,141.53972135076015,141.4318126265361,135.48052931592701,3.9398560382270262,136.5817611337168,3.2452528447107727,132.49269384159814,5.485191403398882
2020-12-11,129.43645832123144,4,12,11,4,346,0,131.3952279578328,132.12101927198947,132.7104378865442,134.18477679098496,136.75137553983092,139.66114641354662,141.53972135076015,133.75149174028004,3.4646977530435716,136.1232860128071,3.767229104759579,132.22804077923647,5.432737882927681
2020-12-12,125.89224635298277,5,12,12,4,347,1,129.43645832123144,131.3952279578328,132.12101927198947,132.7104378865442,134.18477679098496,136.75137553983092,139.66114641354662,131.78450601734238,3.4589322287975204,135.3668090282414,4.64947826359071,131.87329420082514,5.489000582466651
2020-12-13,121.87349290228808,6,12,13,4,348,1,125.89224635298277,129.43645832123144,131.3952279578328,132.12101927198947,132.7104378865442,134.18477679098496,136.75137553983092,129.6590942119791,4.353581546596667,134.34382802418241,5.868834686638858,131.45154476237553,5.757657035925457
2020-12-14,118.72036944164904,0,12,14,4,349,0,121.87349290228808,125.89224635298277,129.43645832123144,131.3952279578328,132.12101927198947,132.7104378865442,134.18477679098496,127.44989316207396,5.457898642334974,133.07911524022296,7.152860947033695,131.0318863013327,6.209412349475
2020-12-15,117.2852164227044,1,12,15,4,350,0,118.72036944164904,121.87349290228808,125.89224635298277,129.43645832123144,131.3952279578328,132.12101927198947,132.7104378865442,125.24629009581113,6.060640816534281,131.6234708272852,8.151846107706836,130.68655094494704,6.67489213593224
2020-12-16,117.35529134043549,2,12,16,4,351,0,117.2852164227044,118.72036944164904,121.87349290228808,125.89224635298277,129.43645832123144,131.3952279578328,132.12101927198947,123.13690039130344,5.83448781350194,130.0256137585226,8.620552992292115,130.43190265842685,7.035505430831496
2020-12-17,117.83786561283196,3,12,17,4,352,0,117.35529134043549,117.2852164227044,118.72036944164904,121.87349290228808,125.89224635298277,129.43645832123144,131.3952279578328,121.20013434201759,4.793569382605376,128.3403318289723,8.524888992307147,130.2196138547418,7.320152316558482
2020-12-18,117.47151985184104,4,12,18,4,353,0,117.83786561283196,117.35529134043549,117.2852164227044,118.72036944164904,121.87349290228808,125.89224635298277,129.43645832123144,119.49085741781899,3.252793277982078,126.62117457904951,8.073168700425853,129.9714021827313,7.625979665955877
2020-12-19,116.0535515980542,5,12,19,4,354,1,117.47151985184104,117.83786561283196,117.35529134043549,117.2852164227044,118.72036944164904,121.87349290228808,125.89224635298277,118.0853295956863,1.8480943538117875,124.93491780651433,7.591057545838769,129.63045179016518,8.015328717537615
2020-12-20,114.47671654841818,6,12,20,4,355,1,116.0535515980542,117.47151985184104,117.83786561283196,117.35529134043549,117.2852164227044,118.72036944164904,121.87349290228808,117.0286472594192,1.3752927211159491,123.34387073569914,7.250566449409662,129.22617601536788,8.466360296571153
2020-12-21,113.91476366956005,0,12,21,4,356,0,114.47671654841818,116.0535515980542,117.47151985184104,117.83786561283196,117.35529134043549,117.2852164227044,118.72036944164904,116.34213214912076,1.5750029896902185,121.89601265559736,6.9362702988794895,128.82260800402818,8.901731287147827
2020-12-22,115.29996312349044,1,12,22,4,357,0,113.91476366956005,114.47671654841818,116.0535515980542,117.47151985184104,117.83786561283196,117.35529134043549,117.2852164227044,116.05852453494734,1.555500020592645,120.65240731537925,6.387236735696126,128.48945044778898,9.219674757552939
2020-12-23,118.12671454512916,2,12,23,4,358,0,115.29996312349044,113.91476366956005,114.47671654841818,116.0535515980542,117.47151985184104,117.83786561283196,117.35529134043549,116.16872784990358,1.6846500259891,119.6528141206035,5.485784163282315,128.24664510637965,9.397743145607908
2020-12-24,121.25643246219492,3,12,24,4,359,0,118.12671454512916,115.29996312349044,113.91476366956005,114.47671654841818,116.0535515980542,117.47151985184104,117.83786561283196,116.65709454266971,2.531714749086817,118.92861444234366,4.372682323633357,128.0463869686142,9.483023742051266
2020-12-25,123.30037736900842,4,12,25,4,360,0,121.25643246219492,118.12671454512916,115.29996312349044,113.91476366956005,114.47671654841818,116.0535515980542,117.47151985184104,117.48978847369361,3.584079176757929,118.49032294575629,3.4482179917766125,127.80695620200494,9.510014117477253
2020-12-26,124.09373480394716,5,12,26,4,361,1,123.30037736900842,121.25643246219492,118.12671454512916,115.29996312349044,113.91476366956005,114.47671654841818,116.0535515980542,118.63838607453548,4.269819217502451,118.3618578351109,3.17382811183882,127.48464567459338,9.464939144022486
2020-12-27,124.21898637559254,6,12,27,4,362,1,124.09373480394716,123.30037736900842,121.25643246219492,118.12671454512916,115.29996312349044,113.91476366956005,114.47671654841818,120.03013890698897,4.274983659812106,118.52939308320406,3.4253896414997937,127.0967748866476,9.347789083904201
2020-12-28,124.77607259897152,0,12,28,4,363,0,124.21898637559254,124.09373480394716,123.30037736900842,121.25643246219492,118.12671454512916,115.29996312349044,113.91476366956005,121.58175446833344,3.6038499809844353,118.9619433087271,3.8119040445793404,126.70654650204987,9.185391658259705
2020-12-29,126.7332751440936,1,12,29,4,364,0,124.77607259897152,124.21898637559254,124.09373480394716,123.30037736900842,121.25643246219492,118.12671454512916,115.29996312349044,123.21508475699105,2.778767594406996,119.63680464596918,4.297620251041015,126.39114810821587,9.009099902899372
2020-12-30,129.60195545435943,2,12,30,4,365,0,126.7332751440936,124.77607259897152,124.21898637559254,124.09373480394716,123.30037736900842,121.25643246219492,118.12671454512916,124.85440488688108,2.6588941478383155,120.51156636839234,4.988371341772685,126.1636683427918,8.831378574029316
2020-12-31,132.07885597918622,3,12,31,4,366,0,129.60195545435943,126.7332751440936,124.77607259897152,124.21898637559254,124.09373480394716,123.30037736900842,121.25643246219492,126.40046538930842,3.28971820000318,121.52877996598906,5.788964412039906,125.97748893530357,8.637310070787281
2021-01-01,133.08762561140568,4,1,1,1,1,0,132.07885597918622,129.60195545435943,126.7332751440936,124.77607259897152,124.21898637559254,124.09373480394716,123.30037736900842,127.79864370965088,3.793782694678452,122.64421609167223,6.417429398156702,125.75623344558002,8.353347488945177
2021-01-02,132.1726160519569,5,1,2,1,2,1,133.08762561140568,132.07885597918622,129.60195545435943,126.7332751440936,124.77607259897152,124.21898637559254,124.09373480394716,128.9527696022237,3.7067047546077894,123.79557783837959,6.587744298053729,125.44759355976072,7.913677464997718
2021-01-03,130.1863352803751,6,1,3,1,3,1,132.1726160519569,133.08762561140568,132.07885597918622,129.60195545435943,126.7332751440936,124.77607259897152,124.21898637559254,129.80524801719264,3.0676784201480305,124.9176934620908,6.205155861764112,125.06914735741455,7.370408892393438
2021-01-04,128.3730588493951,0,1,4,1,4,0,130.1863352803751,132.1726160519569,133.08762561140568,132.07885597918622,129.60195545435943,126.7332751440936,124.77607259897152,130.31910319582457,2.2867056270800905,125.95042883207903,5.381556563590994,124.69287777194285,6.870995813626326
2021-01-05,127.69781658162124,1,1,5,1,5,0,128.3730588493951,130.1863352803751,132.1726160519569,133.08762561140568,132.07885597918622,129.60195545435943,126.7332751440936,130.4568948297571,2.0515933119596808,126.83598979337408,4.430114191302422,124.39109247333586,6.512579282708445
2021-01-06,127.80734816933622,2,1,6,1,6,0,127.69781658162124,128.3730588493951,130.1863352803751,132.1726160519569,133.08762561140568,132.07885597918622,129.60195545435943,130.20052236046806,2.276082122681569,127.52746362367456,3.6536073812973817,124.17851151928089,6.281872686683252
2021-01-07,127.61807266825052,3,1,7,1,7,0,127.80734816933622,127.69781658162124,128.3730588493951,130.1863352803751,132.1726160519569,133.08762561140568,132.07885597918622,129.56326760176296,2.2869759076244542,127.98186649553568,3.1783721068889768,124.00876601200443,6.109823114836428
2021-01-08,125.92418579642592,4,1,8,1,8,0,127.61807266825052,127.80734816933622,127.69781658162124,128.3730588493951,130.1863352803751,132.1726160519569,133.08762561140568,128.53991905676585,2.03603675909437,128.16928138320836,2.9502621644139735,123.80220489615232,5.928157158272214
2021-01-09,122.67054350928828,5,1,9,1,9,1,125.92418579642592,127.61807266825052,127.80734816933622,127.69781658162124,128.3730588493951,130.1863352803751,132.1726160519569,127.18248012209892,2.353269807994697,128.0676248621613,3.1210694729482205,123.51138208120082,5.7542718539044335
2021-01-10,118.46886514362056,6,1,10,1,10,1,122.67054350928828,125.92418579642592,127.61807266825052,127.80734816933622,127.69781658162124,128.3730588493951,130.1863352803751,125.50855581684826,3.663264820225747,127.65690191702045,3.937945908536508,123.14579564194715,5.713108151493213
2021-01-11,115.1506432992948,0,1,11,1,11,0,118.46886514362056,122.67054350928828,125.92418579642592,127.61807266825052,127.80734816933622,127.69781658162124,128.3730588493951,123.61963930969107,5.076448725230625,126.96937125275782,5.137239478513454,122.7877422068242,5.869506057380185
2021-01-12,113.2771377045929,1,1,12,1,12,0,115.1506432992948,118.46886514362056,122.67054350928828,125.92418579642592,127.61807266825052,127.80734816933622,127.69781658162124,121.55954232725846,5.989571527668696,126.00821857850778,6.309785432501362,122.50119703356769,6.120160132817621
2021-01-13,112.89563762373618,2,1,13,1,13,0,113.2771377045929,115.1506432992948,118.46886514362056,122.67054350928828,125.92418579642592,127.61807266825052,127.80734816933622,119.42929796360131,6.048586364315892,124.81491016203469,7.107218126891062,122.30703930630393,6.332934274129494
2021-01-14,112.52279979589444,3,1,14,1,14,0,112.89563762373618,113.2771377045929,115.1506432992948,118.46886514362056,122.67054350928828,125.92418579642592,127.61807266825052,117.27283041040758,5.285256248293168,123.41804900608528,7.481655085888305,122.14829208541028,6.520081066799408
2021-01-15,111.4476156944102,4,1,15,1,15,0,112.52279979589444,112.89563762373618,113.2771377045929,115.1506432992948,118.46886514362056,122.67054350928828,125.92418579642592,115.20474896726249,4.015637187808356,121.87233401201418,7.56519556337361,121.9513695638761,6.754820810074888
2021-01-16,109.29823268301143,5,1,16,1,16,1,111.4476156944102,112.52279979589444,112.89563762373618,113.2771377045929,115.1506432992948,118.46886514362056,122.67054350928828,113.29441884922294,2.896991844937952,120.23844948566092,7.639253406686464,121.66671513288208,7.105002208081645
2021-01-17,106.82481878186664,6,1,17,1,17,1,109.29823268301143,111.4476156944102,112.52279979589444,112.89563762373618,113.2771377045929,115.1506432992948,118.46886514362056,111.63098365468666,2.7708928931184706,118.56976973576748,7.847776124559421,121.31182509721627,7.572305371764324
2021-01-18,105.59763747086956,0,1,18,1,18,0,106.82481878186664,109.29823268301143,111.4476156944102,112.52279979589444,112.89563762373618,113.2771377045929,115.1506432992948,110.2662685363402,3.0833751861395293,116.94295392301562,8.018051718694784,120.9632946263101,8.048337799141935
2021-01-19,106.1838152390347,1,1,19,1,19,0,105.59763747086956,106.82481878186664,109.29823268301143,111.4476156944102,112.52279979589444,112.89563762373618,113.2771377045929,109.25293675554614,3.094522524331915,115.40623954140231,7.858313152687467,120.68686458266399,8.41296496849216
2021-01-20,108.42226565147942,2,1,20,1,20,0,106.1838152390347,105.59763747086956,106.82481878186664,109.29823268301143,111.4476156944102,112.52279979589444,112.89563762373618,108.61388361665236,2.6463320649941404,114.02159079012684,7.184047384339749,120.50378131539463,8.622574339476463
2021-01-21,111.00530250895092,3,1,21,1,21,0,108.42226565147942,106.1838152390347,105.59763747086956,106.82481878186664,109.29823268301143,111.4476156944102,112.52279979589444,108.39709828994613,2.314041481415644,112.83496435017686,6.047615562459227,120.36062596157666,8.74670663372379
2021-01-22,112.80481184339972,4,1,22,1,22,0,111.00530250895092,108.42226565147942,106.1838152390347,105.59763747086956,106.82481878186664,109.29823268301143,111.4476156944102,108.59098345408748,2.6453692244661045,111.89786621067499,4.73803393231348,120.18322920485234,8.84696969286839
2021-01-23,113.27192223938636,5,1,23,1,23,1,112.80481184339972,111.00530250895092,108.42226565147942,106.1838152390347,105.59763747086956,106.82481878186664,109.29823268301143,109.15865339071247,3.19225918809284,111.2265361199677,3.6306857647339035,119.91707886409205,8.933251769753168
2021-01-24,113.23527043080423,6,1,24,1,24,1,113.27192223938636,112.80481184339972,111.00530250895092,108.42226565147942,106.1838152390347,105.59763747086956,106.82481878186664,110.07443219770356,3.3277765121914062,110.85270792619511,3.0507457748430813,119.58157529948525,8.99062654443219
2021-01-25,114.00522344206884,0,1,25,1,25,0,113.23527043080423,113.27192223938636,112.80481184339972,111.00530250895092,108.42226565147942,106.1838152390347,105.59763747086956,111.27551590787489,2.9369994132120945,110.77089222210755,2.9399638858298203,119.24529158742263,9.004698234956168
2021-01-26,116.33104990181693,1,1,26,1,26,0,114.00522344206884,113.23527043080423,113.27192223938636,112.80481184339972,111.00530250895092,108.42226565147942,106.1838152390347,112.72512085970091,2.472492668259058,110.98902880762354,3.23837514427042,118.98236037163012,8.969554440179879
2021-01-27,119.58535477040688,2,1,27,1,27,0,116.33104990181693,114.00522344206884,113.23527043080423,113.27192223938636,112.80481184339972,111.00530250895092,108.42226565147942,114.31984787669055,2.8114494044657863,111.46686574667144,3.955493019855672,118.8093364440113,8.903762632170462
2021-01-28,122.91208842615347,3,1,28,1,28,0,119.58535477040688,116.33104990181693,114.00522344206884,113.23527043080423,113.27192223938636,112.80481184339972,111.00530250895092,116.02081729343378,3.8732586300465117,112.20895779168995,5.004346898234888,118.68196355341328,8.813370984099315
2021-01-29,124.61627608517362,4,1,29,1,29,0,122.91208842615347,119.58535477040688,116.33104990181693,114.00522344206884,113.23527043080423,113.27192223938636,112.80481184339972,117.7081693279729,4.719143938222569,113.14957639103021,5.990637316597412,118.5157742411071,8.645770364111838
2021-01-30,124.47956273347428,5,1,30,1,30,1,124.61627608517362,122.91208842615347,119.58535477040688,116.33104990181693,114.00522344206884,113.23527043080423,113.27192223938636,119.30926082712833,4.862251528499433,114.23395710892041,6.5844453159942455,118.26246446625004,8.340626831166398
2021-01-31,123.33314095826184,6,1,31,1,31,1,124.47956273347428,124.61627608517362,122.91208842615347,119.58535477040688,116.33104990181693,114.00522344206884,113.23527043080423,120.75181375962227,4.214666431880655,115.41312297866291,6.633526312769765,117.93731497781191,7.922404532189994
2021-02-01,122.64205674802736,0,2,1,1,32,0,123.33314095826184,124.47956273347428,124.61627608517362,122.91208842615347,119.58535477040688,116.33104990181693,114.00522344206884,121.98564708904492,2.9994611638557624,116.6305814984599,6.246294788930696,117.61962966768093,7.512365423300753
2021-02-02,122.75982899648405,1,2,2,1,33,0,122.64205674802736,123.33314095826184,124.47956273347428,124.61627608517362,122.91208842615347,119.58535477040688,116.33104990181693,122.9040441025688,1.6683984533938518,117.81458248113485,5.65697197276345,117.37207945821788,7.1998431959469595
2021-02-03,123.76345597855014,2,2,3,1,34,0,122.75982899648405,122.64205674802736,123.33314095826184,124.47956273347428,124.61627608517362,122.91208842615347,119.58535477040688,123.5009157037321,0.8095698782856775,118.91038179021133,5.161841721167456,117.21842602918971,7.003482838762716
2021-02-04,124.1441956198407,3,2,4,1,35,0,123.76345597855014,122.75982899648405,122.64205674802736,123.33314095826184,124.47956273347428,124.61627608517362,122.91208842615347,123.67693101711599,0.7940027372741164,119.84887415527488,4.795444210572314,117.09997199713037,6.848463461328849
2021-02-05,123.16233532799,4,2,5,1,36,0,124.1441956198407,123.76345597855014,122.75982899648405,122.64205674802736,123.33314095826184,124.47956273347428,124.61627608517362,123.4692251946612,0.6907833339049667,120.58869726131705,4.408463740714092,116.94513823575215,6.647600659988966
2021-02-06,120.36988218614576,5,2,6,1,37,1,123.16233532799,124.1441956198407,123.76345597855014,122.75982899648405,122.64205674802736,123.33314095826184,124.47956273347428,122.88212797361426,1.2271547579515816,121.09569440037129,3.8785725082315365,116.70353188634866,6.372336155789473
2021-02-07,116.64094798221132,6,2,7,1,38,1,120.36988218614576,123.16233532799,124.1441956198407,123.76345597855014,122.75982899648405,122.64205674802736,123.33314095826184,121.92610040560704,2.6263551041009534,121.33895708261466,3.4283125197915716,116.39409062587485,6.12992719705374
2021-02-08,113.36275781024004,0,2,8,1,39,0,116.64094798221132,120.36988218614576,123.16233532799,124.1441956198407,123.76345597855014,122.75982899648405,122.64205674802736,120.60048627163744,4.121163264038114,121.29306668034117,3.5366201841430027,116.08383110257324,6.036131166971473
2021-02-09,111.54247953168137,1,2,9,1,40,0,113.36275781024004,116.64094798221132,120.36988218614576,123.16233532799,124.1441956198407,123.76345597855014,122.75982899648405,118.99800777666563,5.1851242946041065,120.95102593961721,4.21913519507699,115.85295158217527,6.074105101128088
2021-02-10,110.76350207035333,2,2,10,1,41,0,111.54247953168137,113.36275781024004,116.64094798221132,120.36988218614576,123.16233532799,124.1441956198407,123.76345597855014,117.14087150406608,5.511623859631891,120.3208936038991,5.02130823838655,115.70671354121056,6.144006114954591
2021-02-11,110.20817755992692,3,2,11,1,42,0,110.76350207035333,111.54247953168137,113.36275781024004,116.64094798221132,120.36988218614576,123.16233532799,124.1441956198407,115.15001178122124,5.058639886711686,119.41347139916863,5.628231706835441,115.6044148697217,6.21103753818992
2021-02-12,108.62201808302454,4,2,12,1,43,0,110.20817755992692,110.76350207035333,111.54247953168137,113.36275781024004,116.64094798221132,120.36988218614576,123.16233532799,113.07282360336903,4.118118968710504,118.2710243990151,6.094856557252774,115.4619608850313,6.323301811851607
2021-02-13,105.83304116516412,5,2,13,1,44,1,108.62201808302454,110.20817755992692,110.76350207035333,111.54247953168137,113.36275781024004,116.64094798221132,120.36988218614576,110.9961320289431,3.4334694204684393,116.93913000127866,6.646206986269258,115.23896893067362,6.544610557212415
2021-02-14,102.707559227825,6,2,14,1,45,1,105.83304116516412,108.62201808302454,110.20817755992692,110.76350207035333,111.54247953168137,113.36275781024004,116.64094798221132,109.0056479211736,3.6477065081578535,115.46587416339034,7.366787979866356,114.94763371512077,6.9038756645754455
2021-02-15,100.51434690809292,0,2,15,1,46,0,102.707559227825,105.83304116516412,108.62201808302454,110.20817755992692,110.76350207035333,111.54247953168137,113.36275781024004,107.17016064943832,4.269450945464755,113.88532346053788,8.050709238999156,114.6548375226235,7.325142400140368
2021-02-16,100.2784123728444,1,2,16,1,47,0,100.51434690809292,102.707559227825,105.83304116516412,108.62201808302454,110.20817755992692,110.76350207035333,111.54247953168137,105.56100819817588,4.465099641935497,112.27950798742074,8.379788525102962,114.43662397565609,7.65645437958176
2021-02-17,101.81766488741216,2,2,17,1,48,0,100.2784123728444,100.51434690809292,102.707559227825,105.83304116516412,108.62201808302454,110.20817755992692,110.76350207035333,104.28303145775571,3.9819759266661263,110.7119514809109,8.114748948207428,114.31062488954085,7.835928942311736
2021-02-18,103.6057135025834,3,2,18,1,49,0,101.81766488741216,100.2784123728444,100.51434690809292,102.707559227825,105.83304116516412,108.62201808302454,110.20817755992692,103.33982230670665,3.007232738062806,109.24491704396394,7.316902094832937,114.22468816499249,7.941554239368388
2021-02-19,104.6271774596914,4,2,19,1,50,0,103.6057135025834,101.81766488741216,100.2784123728444,100.51434690809292,102.707559227825,105.83304116516412,108.62201808302454,102.76913078908763,2.071093183878677,107.92097719622834,6.195974403653794,114.0981852252662,8.066414499101931
2021-02-20,104.72987682223726,5,2,20,1,51,1,104.6271774596914,103.6057135025834,101.81766488741216,100.2784123728444,100.51434690809292,102.707559227825,105.83304116516412,102.61153588295522,1.8266402214021062,106.80383395594914,5.090013181320463,113.88900436904241,8.229113211509567
2021-02-21,104.31916373055472,6,2,21,1,52,1,104.72987682223726,104.6271774596914,103.6057135025834,101.81766488741216,100.2784123728444,100.51434690809292,102.707559227825,102.8417650976309,1.9388751435978189,105.92370650940225,4.255015842609744,113.60614943194759,8.41148023411358
2021-02-22,104.9457426040816,0,2,22,1,53,0,104.31916373055472,104.72987682223726,104.6271774596914,103.6057135025834,101.81766488741216,100.2784123728444,100.51434690809292,103.47482162562927,1.7682356026999966,105.3224911375338,3.6786658104807772,113.32861011077075,8.558957978192607
2021-02-23,107.1115960509568,1,2,23,1,54,0,104.9457426040816,104.31916373055472,104.72987682223726,104.6271774596914,103.6057135025834,101.81766488741216,100.2784123728444,104.45099072250248,1.5863320506505325,105.00599946033917,3.270307806158073,113.12448763144249,8.63395394384486
2021-02-24,110.70303739624411,2,2,24,1,55,0,107.1115960509568,104.9457426040816,104.31916373055472,104.72987682223726,104.6271774596914,103.6057135025834,101.81766488741216,105.72032965233562,2.4485992483758805,105.00168055504567,3.2621490640475113,113.01441476324835,8.643382768921612
2021-02-25,114.18154691523576,3,2,25,1,56,0,110.70303739624411,107.1115960509568,104.9457426040816,104.31916373055472,104.72987682223726,104.6271774596914,103.6057135025834,107.23116299700025,3.810426573159236,105.28549265185345,3.8667782231350376,112.94276466369564,8.62382829967798
2021-02-26,116.30877404769768,4,2,26,1,57,0,114.18154691523576,110.70303739624411,107.1115960509568,104.9457426040816,104.31916373055472,104.72987682223726,104.6271774596914,108.89996250957256,4.8861051809138765,105.83454664933011,4.808130505387787,112.833545306272,8.557292053814058
2021-02-27,116.95319854870752,5,2,27,1,58,1,116.30877404769768,114.18154691523576,110.70303739624411,107.1115960509568,104.9457426040816,104.31916373055472,104.72987682223726,110.64615132763974,5.312954472758332,106.62884360529748,5.65227834983615,112.63491564369046,8.382660820812347
2021-02-28,116.61194957401813,6,2,28,1,59,1,116.95319854870752,116.30877404769768,114.18154691523576,110.70303739624411,107.1115960509568,104.9457426040816,104.31916373055472,112.40226359099165,4.887695027139891,107.62201434431128,6.1130614076013865,112.36810475998529,8.111144377126255
2021-03-01,116.65382979135732,0,3,1,1,60,0,116.61194957401813,116.95319854870752,116.30877404769768,114.18154691523576,110.70303739624411,107.1115960509568,104.9457426040816,114.07484747488819,3.791014113600963,108.77483455025875,6.1908902612853804,112.10724699524806,7.829140640050994
2021-03-02,117.63465602498646,1,3,2,1,61,0,116.65382979135732,116.61194957401813,116.95319854870752,116.30877404769768,114.18154691523576,110.70303739624411,107.1115960509568,115.57814175689244,2.4012787804781586,110.01456623969746,6.095665234326004,111.9172974974722,7.613547323688508
2021-03-03,119.57852152668264,2,3,3,1,62,0,117.63465602498646,116.65382979135732,116.61194957401813,116.95319854870752,116.30877404769768,114.18154691523576,110.70303739624411,116.84606806124079,1.611405942645961,111.28319885678819,6.1066848449932785,111.81517965676072,7.484185703507333
2021-03-04,121.02580314296122,3,3,4,1,63,0,119.57852152668264,117.63465602498646,116.65382979135732,116.61194957401813,116.95319854870752,116.30877404769768,114.18154691523576,117.82381895091585,1.7915686549315086,112.52749097395805,6.196088555519555,111.75737879497663,7.4030004200051005
2021-03-05,120.703484012994,4,3,5,1,64,0,121.02580314296122,119.57852152668264,117.63465602498646,116.65382979135732,116.61194957401813,116.95319854870752,116.30877404769768,118.4516346602439,1.936334652930155,113.67579858490822,6.1083866522968275,111.65537972945809,7.251403755402712
2021-03-06,118.66885859044623,5,3,6,1,65,1,120.703484012994,121.02580314296122,119.57852152668264,117.63465602498646,116.65382979135732,116.61194957401813,116.95319854870752,118.69672895192086,1.820152388383814,114.6714401397803,5.657424937300675,111.47286849514494,6.990441476765269
2021-03-07,115.5327191676508,6,3,7,1,66,1,118.66885859044623,120.703484012994,121.02580314296122,119.57852152668264,117.63465602498646,116.65382979135732,116.61194957401813,118.54255317958267,2.0565338955238905,115.47240838528717,4.809241207236677,111.21854795646696,6.6825048827139595
2021-03-08,112.85852635683888,0,3,8,1,67,0,115.5327191676508,118.66885859044623,120.703484012994,121.02580314296122,119.57852152668264,117.63465602498646,116.65382979135732,118.00036697465146,2.9455931405901765,116.03760722476981,3.845314866144408,110.9681694288234,6.464977804785289
2021-03-09,111.35858057861178,1,3,9,1,68,0,112.85852635683888,115.5327191676508,118.66885859044623,120.703484012994,121.02580314296122,119.57852152668264,117.63465602498646,117.1037847680265,3.8818311434728017,116.34096326245947,3.200421485935246,110.79209051537009,6.376476416761194
2021-03-10,110.85023476078248,2,3,10,1,69,0,111.35858057861178,112.85852635683888,115.5327191676508,118.66885859044623,120.703484012994,121.02580314296122,119.57852152668264,115.8568866586122,4.330337930620957,116.3514773599265,3.180655637516092,110.70833974705484,6.358021590976553
2021-03-11,110.14236770395702,3,3,11,1,70,0,110.85023476078248,111.35858057861178,112.85852635683888,115.5327191676508,118.66885859044623,120.703484012994,121.02580314296122,114.30211016732588,4.1135483315542265,116.06296455912086,3.5539198659408204,110.66166935279736,6.3568261148823675
2021-03-12,108.40816969346476,4,3,12,1,71,0,110.14236770395702,110.85023476078248,111.35858057861178,112.85852635683888,115.5327191676508,118.66885859044623,120.703484012994,112.54563669310743,3.504573987286353,115.49863567667566,4.097573637397286,110.58315827356775,6.370056245396831
2021-03-13,105.07039597456638,5,3,13,1,72,1,108.40816969346476,110.14236770395702,110.85023476078248,111.35858057861178,112.85852635683888,115.5327191676508,118.66885859044623,110.60299917655315,3.3080892457028255,114.64986406423701,4.921054225041828,110.41189888738904,6.449060142230599
2021-03-14,101.39321087687236,6,3,14,1,73,1,105.07039597456638,108.40816969346476,110.14236770395702,110.85023476078248,111.35858057861178,112.85852635683888,115.5327191676508,108.58306942072765,4.033566960525162,113.56281130015516,6.0138530662465,110.17093864718397,6.650154599814346
2021-03-15,98.72691853591766,0,3,15,1,74,0,101.39321087687236,105.07039597456638,108.40816969346476,110.14236770395702,110.85023476078248,111.35858057861178,112.85852635683888,106.56426830345322,4.965770285063009,112.28231763905235,7.113138416417534,109.93406789287575,6.9306344909237625
2021-03-16,97.79528626966646,1,3,16,1,75,0,98.72691853591766,101.39321087687236,105.07039597456638,108.40816969346476,110.14236770395702,110.85023476078248,111.35858057861178,104.62665483074673,5.4095970440495735,110.86521979938662,7.8977592702659525,109.77032546093714,7.161439807184975
2021-03-17,98.37880009964368,2,3,17,1,76,0,97.79528626966646,98.72691853591766,101.39321087687236,105.07039597456638,108.40816969346476,110.14236770395702,110.85023476078248,102.84502130772691,5.060725517764768,109.35095398316956,8.127620788402197,109.69914056732217,7.266460684874517
2021-03-18,99.29907190625138,3,3,18,1,77,0,98.37880009964368,97.79528626966646,98.72691853591766,101.39321087687236,105.07039597456638,108.40816969346476,110.14236770395702,101.29597905091181,4.003986054221452,107.79904460911884,7.794362698334928,109.6664958851024,7.312298128878558
2021-03-19,99.67918086870527,4,3,19,1,78,0,99.29907190625138,98.37880009964368,97.79528626966646,98.72691853591766,101.39321087687236,105.07039597456638,108.40816969346476,100.04898064737475,2.4945664764111113,106.2973086702411,7.11235029619117,109.59521308447884,7.401330937904135
2021-03-20,98.86797884025827,5,3,20,1,79,1,99.67918086870527,99.29907190625138,98.37880009964368,97.79528626966646,98.72691853591766,101.39321087687236,105.07039597456638,99.1629210567593,1.156259315264421,104.88296011665624,6.3955886011956125,109.43728859573466,7.5818807030960516
2021-03-21,97.98046211136204,6,3,21,1,80,1,98.86797884025827,99.67918086870527,99.29907190625138,98.37880009964368,97.79528626966646,98.72691853591766,101.39321087687236,98.67538551882926,0.6809054994947665,103.62922746977846,5.8439151088688766,109.21573141745702,7.820643794246208
2021-03-22,98.01302583316722,0,3,22,1,81,0,97.98046211136204,98.86797884025827,99.67918086870527,99.29907190625138,98.37880009964368,97.79528626966646,98.72691853591766,98.57340084700776,0.7239995837692221,102.5688345752305,5.367904397010152,108.99183638448802,8.046385915477714
2021-03-23,99.79049052282268,1,3,23,1,82,0,98.01302583316722,97.98046211136204,98.86797884025827,99.67918086870527,99.29907190625138,98.37880009964368,97.79528626966646,98.85843002603008,0.7585299309664871,101.74254242838842,4.76758371233243,108.84088061089695,8.178467796157767
2021-03-24,103.09094022337514,2,3,24,1,83,0,99.79049052282268,98.01302583316722,97.98046211136204,98.86797884025827,99.67918086870527,99.29907190625138,98.37880009964368,99.53159290084886,1.7303306933037357,101.18830710428789,4.019718223692505,108.77905386487342,8.215854662581286
2021-03-25,106.52258538066404,3,3,25,1,84,0,103.09094022337514,99.79049052282268,98.01302583316722,97.98046211136204,98.86797884025827,99.67918086870527,99.29907190625138,100.56352339719353,3.1445723568298467,100.92975122405267,3.479601627009427,108.75942017586365,8.220679217826676
2021-03-26,108.9467218694999,4,3,26,1,85,0,106.52258538066404,103.09094022337514,99.79049052282268,98.01302583316722,97.98046211136204,98.86797884025827,99.67918086870527,101.88745782587846,4.407500239406508,100.96821923662661,3.570428931023508,108.70087632497217,8.212610257110242
2021-03-27,109.90564150243785,5,3,27,1,86,1,108.9467218694999,106.52258538066404,103.09094022337514,99.79049052282268,98.01302583316722,97.98046211136204,98.86797884025827,103.4642667776184,5.071588853548673,101.31359391718885,4.1796504008925845,108.55834614454557,8.151086902908986
2021-03-28,109.97431265020612,6,3,28,1,87,1,109.90564150243785,108.9467218694999,106.52258538066404,103.09094022337514,99.79049052282268,98.01302583316722,97.98046211136204,105.17767399745328,4.934307018810462,101.92652975814126,4.778519664871187,108.34719743129585,8.024455354499766
2021-03-29,110.69219902433704,0,3,29,1,88,0,109.97431265020612,109.90564150243785,108.9467218694999,106.52258538066404,103.09094022337514,99.79049052282268,98.01302583316722,106.98898445333468,4.127069148041752,102.78119265017122,5.2125471178320755,108.13849744715019,7.8728992492829475
2021-03-30,112.49727240891916,1,3,30,1,89,0,110.69219902433704,109.97431265020612,109.90564150243785,108.9467218694999,106.52258538066404,103.09094022337514,99.79049052282268,108.80423900849132,3.0998138694175714,103.83133451726071,5.597541968730178,108.00134154164688,7.755151593796187
2021-03-31,115.19561039623127,2,3,31,1,90,0,112.49727240891916,110.69219902433704,109.97431265020612,109.90564150243785,108.9467218694999,106.52258538066404,103.09094022337514,110.53347760461362,2.7364532550356633,105.03253525273124,6.11768218410035,107.952734228476,7.703447464595901
2021-04-01,117.56487660988984,3,4,1,2,91,0,115.19561039623127,112.49727240891916,110.69219902433704,109.97431265020612,109.90564150243785,108.9467218694999,106.52258538066404,112.1109477802173,3.184951306712851,106.33723558870543,6.719054623215544,107.95040824797279,7.700433242480694
2021-04-02,118.2623126619254,4,4,2,2,92,0,117.56487660988984,115.19561039623127,112.49727240891916,110.69219902433704,109.97431265020612,109.90564150243785,108.9467218694999,113.44174646484953,3.5658864554158747,107.664602145364,7.125820753127975,107.90653461914755,7.635371632208169
2021-04-03,117.12930396665055,5,4,3,2,93,1,118.2623126619254,117.56487660988984,115.19561039623127,112.49727240891916,110.69219902433704,109.97431265020612,109.90564150243785,114.47369824545135,3.4140115201668535,108.96898251153486,7.062825013967494,107.77665131327052,7.4350202943370105
2021-04-04,114.853903790087,6,4,4,2,94,1,117.12930396665055,118.2623126619254,117.56487660988984,115.19561039623127,112.49727240891916,110.69219902433704,109.97431265020612,115.17078269400575,2.7818293256280637,110.17422834572952,6.457157840430034,107.58166530584029,7.155779408186249
2021-04-05,113.00863447012654,0,4,5,2,95,0,114.853903790087,117.12930396665055,118.2623126619254,117.56487660988984,115.19561039623127,112.49727240891916,110.69219902433704,115.50170204340426,2.246555375335795,111.24534324836945,5.449844934506872,107.3929911684963,6.924241252338183
2021-04-06,112.00054846743652,1,4,6,2,96,0,113.00863447012654,114.853903790087,117.12930396665055,118.2623126619254,117.56487660988984,115.19561039623127,112.49727240891916,115.43074148033531,2.3621422992015533,112.1174902444133,4.339605140963803,107.27525214515582,6.810151977470599
2021-04-07,111.90686624752507,2,4,7,2,97,0,112.00054846743652,113.00863447012654,114.853903790087,117.12930396665055,118.2623126619254,117.56487660988984,115.19561039623127,114.96092088766298,2.717093660349654,112.74719924613831,3.484388648982369,107.24353014151204,6.785419557165404
2021-04-08,111.6407283912308,3,4,8,2,98,0,111.90686624752507,112.00054846743652,113.00863447012654,114.853903790087,117.12930396665055,118.2623126619254,117.56487660988984,114.11461399928314,2.6933570477345783,113.11278088975021,3.018403757815145,107.25293506859933,6.791512698300089
2021-04-09,109.95935633005666,4,4,9,2,99,0,111.6407283912308,111.90686624752507,112.00054846743652,113.00863447012654,114.853903790087,117.12930396665055,118.2623126619254,112.92847738044473,2.3713341769008682,113.18511192264714,2.9214681502034834,107.22323912090846,6.77717363704679
2021-04-10,106.7317189982586,5,4,10,2,100,1,109.95935633005666,111.6407283912308,111.90686624752507,112.00054846743652,113.00863447012654,114.853903790087,117.12930396665055,111.44310809924589,2.551077282259084,112.95840317234861,3.2948268073958697,107.10955083071852,6.755087284003292
2021-04-11,102.89982394858956,6,4,11,2,101,1,106.7317189982586,109.95935633005666,111.6407283912308,111.90686624752507,112.00054846743652,113.00863447012654,114.853903790087,109.7353824076034,3.6512066354672648,112.45308255080458,4.2045929347289075,106.92593930588934,6.793325618805666
2021-04-12,99.77965313038078,0,4,12,2,102,0,102.89982394858956,106.7317189982586,109.95935633005666,111.6407283912308,111.90686624752507,112.00054846743652,113.00863447012654,107.84552793049684,4.888581527964701,111.67361498695054,5.39822584548574,106.74958121108317,6.910816648310136
2021-04-13,98.23595945475874,1,4,13,2,103,0,99.77965313038078,102.89982394858956,106.7317189982586,109.95935633005666,111.6407283912308,111.90686624752507,112.00054846743652,105.87915807154289,5.648048539177699,110.6549497759391,6.470023308177295,106.6443394970127,7.018401904135931
2021-04-14,98.19076083319388,2,4,14,2,104,0,98.23595945475874,99.77965313038078,102.89982394858956,106.7317189982586,109.95935633005666,111.6407283912308,111.90686624752507,103.91971444092415,5.58726177201759,109.44031766429357,7.1159592666898766,106.62646757358858,7.039908034107788
2021-04-15,98.4896563422341,3,4,15,2,105,0,98.19076083319388,98.23595945475874,99.77965313038078,102.89982394858956,106.7317189982586,109.95935633005666,111.6407283912308,102.04098986249605,4.698744458141496,108.07780193088958,7.2652896035486725,106.64961324267418,7.010953771664779
2021-04-16,97.87519460317532,4,4,16,2,106,0,98.4896563422341,98.19076083319388,98.23595945475874,99.77965313038078,102.89982394858956,106.7317189982586,109.95935633005666,100.31468104437015,3.3231893460127226,106.62157921240744,7.1083828209323565,106.6328263927919,7.032011360197825
2021-04-17,96.35078897144248,5,4,17,2,107,1,97.87519460317532,98.4896563422341,98.19076083319388,98.23595945475874,99.77965313038078,102.89982394858956,106.7317189982586,98.83169104053925,2.057537904902276,105.1373995698926,6.912175356023464,106.53455029496493,7.157520574004514
2021-04-18,94.71435728145438,6,4,18,2,108,1,96.35078897144248,97.87519460317532,98.4896563422341,98.19076083319388,98.23595945475874,99.77965313038078,102.89982394858956,97.66233865951996,1.6447801458873765,103.69886053356167,6.82965264597236,106.3690561753899,7.375570453798385
2021-04-19,94.03782739835984,0,4,19,2,109,0,94.71435728145438,96.35078897144248,97.87519460317532,98.4896563422341,98.19076083319388,98.23595945475874,99.77965313038078,96.84207784065983,1.8337610261833905,102.34380288557834,6.721556320003919,106.20805112732661,7.594434235239917
2021-04-20,95.13863119524174,1,4,20,2,110,0,94.03782739835984,94.71435728145438,96.35078897144248,97.87519460317532,98.4896563422341,98.19076083319388,98.23595945475874,96.39960237501454,1.8149568297287215,101.13938022327872,6.359027745477843,106.1133234301226,7.717327449154714
2021-04-21,97.9333795933787,2,4,21,2,111,0,95.13863119524174,94.03782739835984,94.71435728145438,96.35078897144248,97.87519460317532,98.4896563422341,98.19076083319388,96.36283362646951,1.7747849686582824,100.14127403369682,5.5889774867617055,106.110668555463,7.720223318033835
2021-04-22,101.0003729497384,3,4,22,2,112,0,97.9333795933787,95.13863119524174,94.03782739835984,94.71435728145438,96.35078897144248,97.87519460317532,98.4896563422341,96.72150742754154,2.414609628607896,99.3812486450188,4.527610693242467,106.1509979696935,7.689166743998004
2021-04-23,103.30043343402838,4,4,23,2,113,0,101.0003729497384,97.9333795933787,95.13863119524174,94.03782739835984,94.71435728145438,96.35078897144248,97.87519460317532,97.49654154623487,3.4815840756526573,98.90561129530249,3.581864323765596,106.15798107671529,7.686386472514627
2021-04-24,104.07562931562929,5,4,24,2,114,1,103.30043343402838,101.0003729497384,97.9333795933787,95.13863119524174,94.03782739835984,94.71435728145438,96.35078897144248,98.60009016683297,4.206651004928764,98.71589060368612,3.183660034770019,106.07641587454745,7.695361879490426
2021-04-25,104.3258366421908,6,4,25,2,115,1,104.07562931562929,103.30043343402838,101.0003729497384,97.9333795933787,95.13863119524174,94.03782739835984,94.71435728145438,99.97315864693816,4.294638311308556,98.81774865322905,3.34646692302424,105.92238636697049,7.682163303664878
2021-04-26,105.2524840617839,0,4,26,2,116,0,104.3258366421908,104.07562931562929,103.30043343402838,101.0003729497384,97.9333795933787,95.13863119524174,94.03782739835984,101.57525245599875,3.771376785384512,99.20866514832927,3.7614039005362643,105.7672811189487,7.645855483554092
2021-04-27,107.56738114980908,1,4,27,2,117,0,105.2524840617839,104.3258366421908,104.07562931562929,103.30043343402838,101.0003729497384,97.9333795933787,95.13863119524174,103.35078816379408,3.1023518182495753,99.8751952694043,4.35561860071374,105.68705006893546,7.612743878344669
2021-04-28,111.00702570471807,2,4,28,2,118,0,107.56738114980908,105.2524840617839,104.3258366421908,104.07562931562929,103.30043343402838,101.0003729497384,97.9333795933787,105.21845189398542,3.2300671774724723,100.79064276022747,5.2328554205858175,105.69754429161482,7.620094877224585
2021-04-29,114.0532936824458,3,4,29,2,119,0,111.00702570471807,107.56738114980908,105.2524840617839,104.3258366421908,104.07562931562929,103.30043343402838,101.0003729497384,107.08315485580077,4.052209753589359,101.90233114167116,6.259009151556688,105.74941166739906,7.673085678081533
2021-04-30,115.61399717672808,4,4,30,2,120,0,114.0532936824458,111.00702570471807,107.56738114980908,105.2524840617839,104.3258366421908,104.07562931562929,103.30043343402838,108.84223539047215,4.749178216282482,103.1693884683535,7.117656373469935,105.7633578934156,7.69120548553702
2021-05-01,115.40200399697454,5,5,1,2,121,1,115.61399717672808,114.0532936824458,111.00702570471807,107.56738114980908,105.2524840617839,104.3258366421908,104.07562931562929,110.46028891637862,4.783853268884535,104.53018954160578,7.523358952052851,105.69126213965177,7.5861860245310675
2021-05-02,114.06237407526696,6,5,2,2,122,1,115.40200399697454,115.61399717672808,114.0532936824458,111.00702570471807,107.56738114980908,105.2524840617839,104.3258366421908,111.85122283538949,4.064319237943571,105.91219074116383,7.3567608130462885,105.55126418676315,7.382207301355892
2021-05-03,113.10372021107273,0,5,3,2,123,0,114.06237407526696,115.40200399697454,115.61399717672808,114.0532936824458,111.00702570471807,107.56738114980908,105.2524840617839,112.97282799957361,2.838178831311888,107.27404022778617,6.7273140174704125,105.41707806157723,7.1988048910775895
2021-05-04,113.0019841858629,1,5,4,2,124,0,113.10372021107273,114.06237407526696,115.40200399697454,115.61399717672808,114.0532936824458,111.00702570471807,107.56738114980908,113.74919986186701,1.575556834301334,108.54999401283054,5.890580337762441,105.35534740810309,7.122629708120176
2021-05-05,113.65985540577854,2,5,5,2,125,0,113.0019841858629,113.10372021107273,114.06237407526696,115.40200399697454,115.61399717672808,114.0532936824458,111.00702570471807,114.12817553344708,1.0309689160228357,109.67331371371627,5.165108524598842,105.37705477262483,7.147706839284729
2021-05-06,114.06010842665442,3,5,6,2,126,0,113.65985540577854,113.0019841858629,113.10372021107273,114.06237407526696,115.40200399697454,115.61399717672808,114.0532936824458,114.12914906833403,1.0308896352065946,110.6061519620674,4.629835887715022,105.4457067712654,7.2230116888876
2021-05-07,112.81557676267082,4,5,7,2,127,0,114.06010842665442,113.65985540577854,113.0019841858629,113.10372021107273,114.06237407526696,115.40200399697454,115.61399717672808,113.72937472346871,0.892408935538734,111.28580505697042,4.148224667902103,105.47599712177026,7.25288507311103
2021-05-08,109.87106969892668,5,5,8,2,128,1,112.81557676267082,114.06010842665442,113.65985540577854,113.0019841858629,113.10372021107273,114.06237407526696,115.40200399697454,112.939241252319,1.4432033184077733,111.69976508434881,3.6301805834783663,105.41700849869348,7.208075634513573
2021-05-09,106.26350563380598,6,5,9,2,129,1,109.87106969892668,112.81557676267082,114.06010842665442,113.65985540577854,113.0019841858629,113.10372021107273,114.06237407526696,111.82511718925316,2.802145803503905,111.83817001232133,3.353834282165287,105.29381347548512,7.159181708681185
2021-05-10,103.0520896778206,0,5,10,2,130,0,106.26350563380598,109.87106969892668,112.81557676267082,114.06010842665442,113.65985540577854,113.0019841858629,113.10372021107273,110.38916997021713,4.242831243060029,111.68099898489538,3.7179891903893654,105.17115916480385,7.165215376348271
2021-05-11,101.28135781917014,1,5,11,2,131,0,103.0520896778206,106.26350563380598,109.87106969892668,112.81557676267082,114.06010842665442,113.65985540577854,113.0019841858629,108.71479477497532,5.23625852008084,111.23199731842116,4.54137404478013,105.1172102938232,7.188960182635278
2021-05-12,100.90211663533782,2,5,12,2,132,0,101.28135781917014,103.0520896778206,106.26350563380598,109.87106969892668,112.81557676267082,114.06010842665442,113.65985540577854,106.89226066491234,5.444313864476257,110.51021809917971,5.316703186916615,105.15462574398843,7.16309701686456
2021-05-13,100.62602952934216,3,5,13,2,133,0,100.90211663533782,101.28135781917014,103.0520896778206,106.26350563380598,109.87106969892668,112.81557676267082,114.06010842665442,104.97310653672488,4.829576652673312,109.55112780252946,5.816033319438037,105.23429474647455,7.096474679124687
2021-05-14,99.44026758304146,4,5,14,2,134,0,100.62602952934216,100.90211663533782,101.28135781917014,103.0520896778206,106.26350563380598,109.87106969892668,112.81557676267082,103.06234808249211,3.7305014500708578,108.3958614029804,6.117612087062371,105.27594497146947,7.05726813370218
2021-05-15,97.25382231776744,5,5,15,2,135,1,99.44026758304146,100.62602952934216,100.90211663533782,101.28135781917014,103.0520896778206,106.26350563380598,109.87106969892668,101.25988417089795,2.832489919224866,107.09956271160847,6.433451317967405,105.23475050398724,7.1017137339379754
2021-05-16,94.72813819083694,6,5,16,2,136,1,97.25382231776744,99.44026758304146,100.62602952934216,100.90211663533782,101.28135781917014,103.0520896778206,106.26350563380598,99.61197453618807,2.791541674112799,105.71854586272062,6.883264784740462,105.12984862357597,7.2361437337079515
2021-05-17,93.05899684326263,0,5,17,2,137,0,94.72813819083694,97.25382231776744,99.44026758304146,100.62602952934216,100.90211663533782,101.28135781917014,103.0520896778206,98.18438984553696,3.2556967411824127,104.28677990787705,7.300976604786119,105.02012221930332,7.397026163226541
2021-05-18,93.55826654321568,1,5,18,2,138,0,93.05899684326263,94.72813819083694,97.25382231776744,99.44026758304146,100.62602952934216,100.90211663533782,101.28135781917014,97.08109109182917,3.338819572401718,102.89794293340223,7.364663193576099,104.981585861362,7.4553491067061115
2021-05-19,95.51290270859234,2,5,19,2,139,0,93.55826654321568,93.05899684326263,94.72813819083694,97.25382231776744,99.44026758304146,100.62602952934216,100.90211663533782,96.31120338800838,2.9039107506955677,101.60173202646037,6.9076056881455745,105.03075503836978,7.385218839460693
2021-05-20,97.95405265790336,3,5,20,2,140,0,95.51290270859234,93.55826654321568,93.05899684326263,94.72813819083694,97.25382231776744,99.44026758304146,100.62602952934216,95.92949240637427,2.368455617316542,100.45129947154958,5.947596177752582,105.12460242045849,7.272204153879108
2021-05-21,99.58478787337776,4,5,21,2,141,0,97.95405265790336,95.51290270859234,93.55826654321568,93.05899684326263,94.72813819083694,97.25382231776744,99.44026758304146,95.95013816213658,2.4045148833866112,99.50624312231436,4.76552000705903,105.17964936312514,7.221969830878902
2021-05-22,100.0657154168263,5,5,22,2,142,1,99.58478787337776,97.95405265790336,95.51290270859234,93.55826654321568,93.05899684326263,94.72813819083694,97.25382231776744,96.35183717628786,2.851870731714259,98.80586067359289,3.733921772410342,105.14849411202805,7.242607285537523
2021-05-23,100.2112921724041,6,5,23,2,143,1,100.0657154168263,99.58478787337776,97.95405265790336,95.51290270859234,93.55826654321568,93.05899684326263,94.72813819083694,97.13514488794031,3.0757925183655423,98.3735597120642,3.1007520809630837,105.04552273664058,7.2915822749100645
2021-05-24,101.10047976163813,0,5,24,2,144,0,100.2112921724041,100.0657154168263,99.58478787337776,97.95405265790336,95.51290270859234,93.55826654321568,93.05899684326263,98.28392816199396,2.78788971563957,98.23415900376544,2.9123875955913805,104.94635108484087,7.325382443617605
2021-05-25,103.64985987635296,1,5,25,2,145,0,101.10047976163813,100.2112921724041,100.0657154168263,99.58478787337776,97.95405265790336,95.51290270859234,93.55826654321568,99.72558435244214,2.5346502660516808,98.40333772213565,3.1611793657121865,104.92381852597961,7.328395953310547
2021-05-26,107.30760500270496,2,5,26,2,146,0,103.64985987635296,101.10047976163813,100.2112921724041,100.0657154168263,99.58478787337776,97.95405265790336,95.51290270859234,101.41054182302966,3.1201893797207054,98.86087260551902,3.922529209012525,104.99232255734364,7.341168428727118
2021-05-27,110.88308199335064,3,5,27,2,147,0,107.30760500270496,103.64985987635296,101.10047976163813,100.2112921724041,100.0657154168263,99.58478787337776,97.95405265790336,103.25754601380784,4.326569448503998,99.59351921009105,5.068181323639174,105.10284591879503,7.40594709919166
2021-05-28,113.08133016418635,4,5,28,2,148,0,110.88308199335064,107.30760500270496,103.64985987635296,101.10047976163813,100.2112921724041,100.0657154168263,99.58478787337776,105.18562348392335,5.3120997530186695,100.56788082302998,6.217408782629598,105.17198940077732,7.472355876302291
2021-05-29,113.60637716648066,5,5,29,2,149,1,113.08133016418635,110.88308199335064,107.30760500270496,103.64985987635296,101.10047976163813,100.2112921724041,100.0657154168263,107.12000373387399,5.59483791875903,101.7359204550809,7.02987693615582,105.15709218357847,7.4544632345614605
2021-05-30,113.20525612090054,6,5,30,2,150,1,113.60637716648066,113.08133016418635,110.88308199335064,107.30760500270496,103.64985987635296,101.10047976163813,100.2112921724041,108.97628429794489,5.049634086899924,103.0557145929426,7.34061338356654,105.07680081505087,7.350191930306355
2021-05-31,113.00175519796912,0,5,31,2,151,0,113.20525612090054,113.60637716648066,113.08133016418635,110.88308199335064,107.30760500270496,103.64985987635296,101.10047976163813,110.67646650313505,3.806455232592807,104.48019733256449,7.184818963001014,104.9967925217507,7.246253163487684
2021-06-01,113.79167822650672,1,6,1,2,152,0,113.00175519796912,113.20525612090054,113.60637716648066,113.08133016418635,110.88308199335064,107.30760500270496,103.64985987635296,112.12529769601414,2.3299559810603023,105.92544102422814,6.845852194965592,104.98776932679202,7.234734619650114
2021-06-02,115.45418556895407,2,6,2,2,153,0,113.79167822650672,113.00175519796912,113.20525612090054,113.60637716648066,113.08133016418635,110.88308199335064,107.30760500270496,113.28909491976401,1.3516984981530078,107.34981837139684,6.582179358653949,105.06611817205474,7.337652587704782
2021-06-03,116.6627974840562,3,6,3,2,154,0,115.45418556895407,113.79167822650672,113.00175519796912,113.20525612090054,113.60637716648066,113.08133016418635,110.88308199335064,114.11476856129339,1.401388896385817,108.6861572875506,6.42516715885371,105.18814528199452,7.502761566634236
2021-06-04,116.12663959815204,4,6,4,2,155,0,116.6627974840562,115.45418556895407,113.79167822650672,113.00175519796912,113.20525612090054,113.60637716648066,113.08133016418635,114.5498127661456,1.4965588840506894,109.86771812503447,6.137255067169242,105.2703714217403,7.611537191224938
2021-06-05,113.97738374262802,5,6,5,2,156,1,116.12663959815204,116.6627974840562,115.45418556895407,113.79167822650672,113.00175519796912,113.20525612090054,113.60637716648066,114.60281370559524,1.4637891195887482,110.86140871973461,5.523675596906597,105.26761393227277,7.608257340041808
2021-06-06,110.68095385674248,6,6,6,2,157,1,113.97738374262802,116.12663959815204,116.6627974840562,115.45418556895407,113.79167822650672,113.00175519796912,113.20525612090054,114.24219909642981,2.056436591001557,111.60924169718734,4.602849623320562,105.19645983540848,7.544951342135258
2021-06-07,107.90504053982411,0,6,7,2,158,0,110.68095385674248,113.97738374262802,116.12663959815204,116.6627974840562,115.45418556895407,113.79167822650672,113.00175519796912,113.5140970024091,3.1697407256738988,112.09528175277205,3.673194587518015,105.13092553010506,7.511412056977617
2021-06-08,106.29329098541436,1,6,8,2,159,0,107.90504053982411,110.68095385674248,113.97738374262802,116.12663959815204,116.6627974840562,115.45418556895407,113.79167822650672,112.44289882511018,4.169617629586159,112.28409826056216,3.2491357782817794,105.13191837515868,7.5115688883989105
2021-06-09,105.7847558949668,2,6,9,2,160,0,106.29329098541436,107.90504053982411,110.68095385674248,113.97738374262802,116.12663959815204,116.6627974840562,115.45418556895407,111.0615517288263,4.586582749052276,112.17532332429515,3.4479626224920126,105.22300724906354,7.502040967626013
2021-06-10,105.33916893486423,3,6,10,2,161,0,105.7847558949668,106.29329098541436,107.90504053982411,110.68095385674248,113.97738374262802,116.12663959815204,116.6627974840562,109.44389050751316,4.267598152063966,111.77932953440326,3.8969175711777497,105.35826761958668,7.465012585139127
2021-06-11,103.88389364093878,4,6,11,2,162,0,105.33916893486423,105.7847558949668,106.29329098541436,107.90504053982411,110.68095385674248,113.97738374262802,116.12663959815204,107.69492679933983,3.5146520763164877,111.12236978274272,4.402952872167184,105.45766018644004,7.423369679498432
2021-06-12,101.06690108039652,5,6,12,2,163,1,103.88389364093878,105.33916893486423,105.7847558949668,106.29329098541436,107.90504053982411,110.68095385674248,113.97738374262802,105.85057213330676,3.0212201192349184,110.22669291945101,5.081858847236946,105.47235590480854,7.413905240068984
2021-06-13,97.78656843573584,6,6,13,2,164,1,101.06690108039652,103.88389364093878,105.33916893486423,105.7847558949668,106.29329098541436,107.90504053982411,110.68095385674248,104.00851707316293,3.4811402868732304,109.12535808479637,5.978374374070759,105.41723259989834,7.46626393782514
2021-06-14,95.62181976073086,0,6,14,2,165,0,97.78656843573584,101.06690108039652,103.88389364093878,105.33916893486423,105.7847558949668,106.29329098541436,107.90504053982411,102.2537712475782,4.209312938366975,107.88393412499364,6.852151298646072,105.36283251466378,7.533437834691998
2021-06-15,95.11369586899892,1,6,15,2,166,0,95.62181976073086,97.78656843573584,101.06690108039652,103.88389364093878,105.33916893486423,105.7847558949668,106.29329098541436,100.65668623094743,4.529865438134404,106.5497925280288,7.409111739501097,105.37568443726919,7.514975866914088
2021-06-16,96.3954770563849,2,6,16,2,167,0,95.11369586899892,95.62181976073086,97.78656843573584,101.06690108039652,103.88389364093878,105.33916893486423,105.7847558949668,99.31536068257857,4.13087583306138,105.18845620570244,7.3980806923925595,105.48690044437326,7.349274577002265
2021-06-17,97.97689320126516,3,6,17,2,168,0,96.3954770563849,95.11369586899892,95.62181976073086,97.78656843573584,101.06690108039652,103.88389364093878,105.33916893486423,98.26360700635014,3.1661422283023315,103.85374875693164,6.832708048939486,105.63418799964158,7.143360458984627
2021-06-18,98.90269885602198,4,6,18,2,169,0,97.97689320126516,96.3954770563849,95.11369586899892,95.62181976073086,97.78656843573584,101.06690108039652,103.88389364093878,97.55200775136203,2.0584355588051926,102.62346727535093,5.946009915205943,105.7471812045559,7.0031762916347144
2021-06-19,98.78488337395652,5,6,19,2,170,1,98.90269885602198,97.97689320126516,96.3954770563849,95.11369586899892,95.62181976073086,97.78656843573584,101.06690108039652,97.22600522187061,1.5190186163098829,101.53828867758868,5.030309455445071,105.77487556175767,6.972872549596106
2021-06-20,98.31376359872674,6,6,20,2,171,1,98.78488337395652,98.90269885602198,97.97689320126516,96.3954770563849,95.11369586899892,95.62181976073086,97.78656843573584,97.30131881658359,1.5638514180817238,100.65491794487328,4.339767747368234,105.73250808593596,7.015511759638709
2021-06-21,98.89206387550016,0,6,21,2,172,0,98.31376359872674,98.78488337395652,98.90269885602198,97.97689320126516,96.3954770563849,95.11369586899892,95.62181976073086,97.76849654726492,1.4637711049751534,100.01113389742156,3.818754927437969,105.69338636789176,7.05138278152485
2021-06-22,101.24328524476655,1,6,22,2,173,0,98.89206387550016,98.31376359872674,98.78488337395652,98.90269885602198,97.97689320126516,96.3954770563849,95.11369586899892,98.64415217237458,1.444214637846368,99.650419201661,3.394663770889126,105.72778613697051,7.026188739110346
2021-06-23,104.80303849834615,2,6,23,2,174,0,101.24328524476655,98.89206387550016,98.31376359872674,98.78488337395652,98.90269885602198,97.97689320126516,96.3954770563849,99.84523237836903,2.4252738983243654,99.58029653047382,3.2658984607792765,105.85120476152746,6.974432981347078
2021-06-24,108.6054475705392,3,6,24,2,175,0,104.80303849834615,101.24328524476655,98.89206387550016,98.31376359872674,98.78488337395652,98.90269885602198,97.97689320126516,101.36359728826532,3.9243762949576353,99.81360214730773,3.7844408651503727,106.01639101800032,6.979181075602612
2021-06-25,111.06348738980832,4,6,25,2,176,0,108.6054475705392,104.80303849834615,101.24328524476655,98.89206387550016,98.31376359872674,98.78488337395652,98.90269885602198,103.10085279309195,5.152828121387768,100.32643027222697,4.7433893442919555,106.14158709757044,7.0365935444333445
2021-06-26,112.14562411788884,5,6,26,2,177,1,111.06348738980832,108.6054475705392,104.80303849834615,101.24328524476655,98.89206387550016,98.31376359872674,98.78488337395652,105.00953004222514,5.729874639303875,101.11776763204786,5.703404454527095,106.18367183505505,7.069627521568976
2021-06-27,112.3611634757226,6,6,27,2,178,1,112.14562411788884,111.06348738980832,108.6054475705392,104.80303849834615,101.24328524476655,98.89206387550016,98.31376359872674,107.01630145322454,5.446896451121284,102.15881013490407,6.3428880824750955,106.15966627877292,7.046583398237441
2021-06-28,112.73401020540392,0,6,28,2,179,0,112.3611634757226,112.14562411788884,111.06348738980832,108.6054475705392,104.80303849834615,101.24328524476655,98.89206387550016,108.99372235749651,4.422097707768266,103.3811094523807,6.628640507017017,106.13058738007035,7.016529542029927
2021-06-29,114.53174631013482,1,6,29,2,180,0,112.73401020540392,112.3611634757226,112.14562411788884,111.06348738980832,108.6054475705392,104.80303849834615,101.24328524476655,110.89207393826341,3.232747840834019,104.76811305531898,6.795128592644033,106.1748037197115,7.066650181019456
2021-06-30,117.1154187693106,2,6,30,2,181,0,114.53174631013482,112.73401020540392,112.3611634757226,112.14562411788884,111.06348738980832,108.6054475705392,104.80303849834615,112.65098540554403,2.6677466478887646,106.24810889195655,7.081658546669402,106.31192583875621,7.241438501495401
2021-07-01,119.17772964931662,3,7,1,3,182,0,117.1154187693106,114.53174631013482,112.73401020540392,112.3611634757226,112.14562411788884,111.06348738980832,108.6054475705392,114.16131141679796,2.971129260376632,107.76245435253165,7.434872274122573,106.4914608861832,7.4955843149872265
2021-07-02,119.69763207171492,4,7,2,3,183,0,119.17772964931662,117.1154187693106,114.53174631013482,112.73401020540392,112.3611634757226,112.14562411788884,111.06348738980832,115.39476065707034,3.249877125491561,109.24780672508112,7.604000115649295,106.63290910294191,7.707591506656651
2021-07-03,118.23913338185092,5,7,3,3,184,1,119.69763207171492,119.17772964931662,117.1154187693106,114.53174631013482,112.73401020540392,112.3611634757226,112.14562411788884,116.26526198049349,3.044102715454324,110.63739601135931,7.317042295890237,106.68545363286839,7.783326545753399
2021-07-04,115.79681604898296,6,7,4,3,185,1,118.23913338185092,119.69763207171492,119.17772964931662,117.1154187693106,114.53174631013482,112.73401020540392,112.3611634757226,116.75606949095925,2.5459307539321174,111.88618547209191,6.498067470822097,106.67445951456277,7.769751910885712
2021-07-05,113.58480856864075,0,7,5,3,186,0,115.79681604898296,118.23913338185092,119.69763207171492,119.17772964931662,117.1154187693106,114.53174631013482,112.73401020540392,116.8776121142788,2.3333490630001665,112.93566723588766,5.317184100494628,106.66137367542984,7.757348868447734
2021-07-06,112.59657866107166,1,7,6,3,187,0,113.58480856864075,115.79681604898296,118.23913338185092,119.69763207171492,119.17772964931662,117.1154187693106,114.53174631013482,116.60115959298405,2.737282295134431,113.74661676562373,4.129984581267119,106.72522783557416,7.799347221384814
2021-07-07,112.4190874729231,2,7,7,3,188,0,112.59657866107166,113.58480856864075,115.79681604898296,118.23913338185092,119.69763207171492,119.17772964931662,117.1154187693106,115.93025512207156,3.136631984386631,114.2906202638078,3.274254217552677,106.87569606667745,7.866150866556828
2021-07-08,112.11566000621738,3,7,8,3,189,0,112.4190874729231,112.59657866107166,113.58480856864075,115.79681604898296,118.23913338185092,119.69763207171492,119.17772964931662,114.92138803020023,3.052625008694253,114.54134972349911,2.9207319782957213,107.06977503403755,7.9229078196672775
2021-07-09,110.50426197605756,4,7,9,3,190,0,112.11566000621738,112.4190874729231,112.59657866107166,113.58480856864075,115.79681604898296,118.23913338185092,119.69763207171492,113.60804944510633,2.5992179728604405,114.50140505108834,2.9752697582933116,107.22709190340724,7.943341496335767
2021-07-10,107.46027025885398,5,7,10,3,191,1,110.50426197605756,112.11566000621738,112.4190874729231,112.59657866107166,113.58480856864075,115.79681604898296,118.23913338185092,112.06821185610677,2.591208093821681,114.16673691830013,3.4811451307748245,107.29779528087357,7.935393651399831
2021-07-11,103.86223818161582,6,7,11,3,192,1,107.46027025885398,110.50426197605756,112.11566000621738,112.4190874729231,112.59657866107166,113.58480856864075,115.79681604898296,110.3632721607686,3.496997175650709,113.55967082586393,4.4315478965230595,107.29707343222948,7.935715886314385
2021-07-12,101.13601425983065,0,7,12,3,193,0,103.86223818161582,107.46027025885398,110.50426197605756,112.11566000621738,112.4190874729231,112.59657866107166,113.58480856864075,108.58487297379574,4.582557534548013,112.73124254403726,5.542558677570497,107.29937720487729,7.933854686898845
2021-07-13,100.05483955624898,1,7,13,3,194,0,101.13601425983065,103.86223818161582,107.46027025885398,110.50426197605756,112.11566000621738,112.4190874729231,112.59657866107166,106.79319595882107,5.167138847980985,111.69717777590257,6.455997549669321,107.37498624222772,7.850442001306071
2021-07-14,100.55423470500044,2,7,14,3,195,0,100.05483955624898,101.13601425983065,103.86223818161582,107.46027025885398,110.50426197605756,112.11566000621738,112.4190874729231,105.09821699197497,4.955792058419568,110.51423605702327,6.8895443969739825,107.53940007370336,7.644760479348465
2021-07-15,101.48786784191682,3,7,15,3,196,0,100.55423470500044,100.05483955624898,101.13601425983065,103.86223818161582,107.46027025885398,110.50426197605756,112.11566000621738,103.57996096850346,3.979398082945573,109.25067449935186,6.8000150371044885,107.75187247280063,7.371185986477055
2021-07-16,101.51219310585252,4,7,16,3,197,0,101.48786784191682,100.55423470500044,100.05483955624898,101.13601425983065,103.86223818161582,107.46027025885398,110.50426197605756,102.29537970133131,2.5752776834780344,107.95171457321882,6.3745025378516695,107.92242967444956,7.155394134900143
2021-07-17,100.505247347944,5,7,17,3,198,1,101.51219310585252,101.48786784191682,100.55423470500044,100.05483955624898,101.13601425983065,103.86223818161582,107.46027025885398,101.30180499977276,1.252362796246897,106.68500842793978,5.918685793836309,108.00670814600552,7.048301589620817
2021-07-18,99.41772805492162,6,7,18,3,199,1,100.505247347944,101.51219310585252,101.48786784191682,100.55423470500044,100.05483955624898,101.13601425983065,103.86223818161582,100.66687498167359,0.7727063263615311,105.5150735712211,5.588634068506432,108.02387578596883,7.0259539925718695
2021-07-19,99.24448636914089,0,7,19,3,200,0,99.41772805492162,100.505247347944,101.51219310585252,101.48786784191682,100.55423470500044,100.05483955624898,101.13601425983065,100.39665671157503,0.901334446721759,104.49076484268538,5.302666408392856,108.03919588580833,7.005585240377551
2021-07-20,100.91898255353108,1,7,20,3,201,0,99.24448636914089,99.41772805492162,100.505247347944,101.51219310585252,101.48786784191682,100.55423470500044,100.05483955624898,100.52010571118679,0.9058817470699315,103.65665083500392,4.826612827905343,108.12603651763513,6.896165046509109
2021-07-21,104.2307431615293,2,7,21,3,202,0,100.91898255353108,99.24448636914089,99.41772805492162,100.505247347944,101.51219310585252,101.48786784191682,100.55423470500044,101.04532120497662,1.6713485938652737,103.07176909847578,4.128797191231704,108.3039924938361,6.716199376295944
2021-07-22,107.70675693812674,3,7,22,3,203,0,104.2307431615293,100.91898255353108,99.24448636914089,99.41772805492162,100.505247347944,101.51219310585252,101.48786784191682,101.9337339330066,3.039034249204622,102.75684745075502,3.507280907197907,108.51944155028144,6.584263481909043
2021-07-23,110.30416324198389,4,7,23,3,204,0,107.70675693812674,104.2307431615293,100.91898255353108,99.24448636914089,99.41772805492162,100.505247347944,101.51219310585252,103.18972966673964,4.363830278027302,102.74255468403547,3.4735255374051164,108.70281237506937,6.553725122527324
2021-07-24,111.4686883971946,5,7,24,3,205,1,110.30416324198389,107.70675693812674,104.2307431615293,100.91898255353108,99.24448636914089,99.41772805492162,100.505247347944,104.75593553091831,5.1384465040564296,103.02887026534552,4.015267328323281,108.79825373595787,6.573078308738076
2021-07-25,112.04617129555623,6,7,25,3,206,1,111.4686883971946,110.30416324198389,107.70675693812674,104.2307431615293,100.91898255353108,99.24448636914089,99.41772805492162,106.55999885100896,5.168661368562722,103.61343691634126,4.685690112097307,108.83100986614947,6.587189477538291
2021-07-26,113.0378569750826,0,7,26,3,207,0,112.04617129555623,111.4686883971946,110.30416324198389,107.70675693812674,104.2307431615293,100.91898255353108,99.24448636914089,108.5304803661435,4.501049937701217,104.46356853885926,5.247621668703643,108.86075096138926,6.604662016345277
2021-07-27,115.36223453154813,1,7,27,3,208,0,113.0378569750826,112.04617129555623,111.4686883971946,110.30416324198389,107.70675693812674,104.2307431615293,100.91898255353108,110.59380207728877,3.6627310823439183,105.55695389423776,5.821677520566617,108.9607866632501,6.681785423041713
2021-07-28,118.68891853383292,2,7,28,3,209,0,115.36223453154813,113.0378569750826,112.04617129555623,111.4686883971946,110.30416324198389,107.70675693812674,104.2307431615293,112.65925570190358,3.5513681598539675,106.8522884534401,6.589769999024912,109.15928360753108,6.883159708060429
2021-07-29,121.4883602373299,3,7,29,3,210,0,118.68891853383292,115.36223453154813,113.0378569750826,112.04617129555623,111.4686883971946,110.30416324198389,107.70675693812674,114.62805617321833,4.122416578138593,108.28089505311245,7.449267623545724,109.39117073843758,7.181125560709327
2021-07-30,123.0082017152206,4,7,30,3,211,0,121.4883602373299,118.68891853383292,115.36223453154813,113.0378569750826,112.04617129555623,111.4686883971946,110.30416324198389,116.44291881225215,4.662628284145854,109.81632423949588,8.130963052587415,109.58759683663457,7.474301706191527
2021-07-31,122.55052969161208,5,7,31,3,212,1,123.0082017152206,121.4883602373299,118.68891853383292,115.36223453154813,113.0378569750826,112.04617129555623,111.4686883971946,118.02603899716892,4.5726846762241715,111.3909872640436,8.321488526039365,109.7000235047111,7.646901969103029
2021-08-01,120.8675221631586,6,8,1,3,213,1,122.55052969161208,123.0082017152206,121.4883602373299,118.68891853383292,115.36223453154813,113.0378569750826,112.04617129555623,119.28623197825496,3.8003349697934596,112.92311541463197,7.911992703314008,109.73901984109257,7.702425524440326
2021-08-02,119.64889704074824,0,8,2,3,214,0,120.8675221631586,122.55052969161208,123.0082017152206,121.4883602373299,118.68891853383292,115.36223453154813,113.0378569750826,120.23066627335005,2.629984730590305,114.38057331974679,7.028446853654121,109.78601196305581,7.760156632678943
2021-08-03,119.31351589328308,1,8,3,3,215,0,119.64889704074824,120.8675221631586,122.55052969161208,123.0082017152206,121.4883602373299,118.68891853383292,115.36223453154813,120.7951350393122,1.653787591141003,115.6944685583005,5.955855902946071,109.90323529119914,7.879725673653278
2021-08-04,119.78168385907895,2,8,4,3,216,0,119.31351589328308,119.64889704074824,120.8675221631586,122.55052969161208,123.0082017152206,121.4883602373299,118.68891853383292,120.9512443714902,1.4623283284590272,116.80525003669689,5.031848460024077,110.10979780088041,8.058753960045216
2021-08-05,120.0171545811662,3,8,5,3,217,0,119.78168385907895,119.31351589328308,119.64889704074824,120.8675221631586,122.55052969161208,123.0082017152206,121.4883602373299,120.74107213489539,1.4779066581422557,117.68456415405686,4.3488507210404155,110.35715033155022,8.249342894123998
2021-08-06,118.84975689801183,4,8,6,3,218,0,120.0171545811662,119.78168385907895,119.31351589328308,119.64889704074824,120.8675221631586,122.55052969161208,123.0082017152206,120.14700858957985,1.2296384876093613,118.294963700916,3.7981135371389194,110.57150597905319,8.387166753890531
2021-08-07,115.85197769916586,5,8,7,3,219,1,118.84975689801183,120.0171545811662,119.78168385907895,119.31351589328308,119.64889704074824,120.8675221631586,122.55052969161208,119.19007259065896,1.5985595589334736,118.60805579391395,3.3458520427280005,110.69604990215149,8.438471124871299
2021-08-08,112.21964355107995,6,8,8,3,220,1,115.85197769916586,118.84975689801183,120.0171545811662,119.78168385907895,119.31351589328308,119.64889704074824,120.8675221631586,117.95466136036202,2.8988996059617107,118.6204466693085,3.3199023379432537,110.75322928798555,8.442937312388718
2021-08-09,109.20405922248185,0,8,9,3,221,0,112.21964355107995,115.85197769916586,118.84975689801183,120.0171545811662,119.78168385907895,119.31351589328308,119.64889704074824,116.46254167203826,4.253221693365115,118.34660397269417,3.9197326957046252,110.81135558677315,8.425469417175101
2021-08-10,107.76547838583268,1,8,10,3,222,0,109.20405922248185,112.21964355107995,115.85197769916586,118.84975689801183,120.0171545811662,119.78168385907895,119.31351589328308,114.81282202811677,5.115323386759203,117.80397853371448,4.793164378413407,110.94146359358038,8.344204688248634
2021-08-11,107.78766426790251,2,8,11,3,223,0,107.76547838583268,109.20405922248185,112.21964355107995,115.85197769916586,118.84975689801183,120.0171545811662,119.78168385907895,113.09939065794869,5.181883897218797,117.02531751471945,5.475277111168071,111.16318526051609,8.16103357873629
2021-08-12,107.90041051886668,3,8,12,3,224,0,107.78766426790251,107.76547838583268,109.20405922248185,112.21964355107995,115.85197769916586,118.84975689801183,120.0171545811662,111.36842722047733,4.4592940431885175,116.05474967768637,5.816949525337466,111.42470429260337,7.914783617687239
2021-08-13,107.29318009838022,4,8,13,3,225,0,107.90041051886668,107.78766426790251,107.76547838583268,109.20405922248185,112.21964355107995,115.85197769916586,118.84975689801183,109.71748767767282,3.1851205086029397,114.93224813362635,5.887759096824438,111.64933580571602,7.6880085653847585
2021-08-14,105.5243194429453,5,8,14,3,226,1,107.29318009838022,107.90041051886668,107.78766426790251,107.76547838583268,109.20405922248185,112.21964355107995,115.85197769916586,108.24210792678419,2.064922519997116,113.71609025872156,5.951202477377042,111.78388419241698,7.537895278262317
2021-08-15,103.5949625593695,6,8,15,3,227,1,105.5243194429453,107.29318009838022,107.90041051886668,107.78766426790251,107.76547838583268,109.20405922248185,112.21964355107995,107.0100106422541,1.8588596179319397,112.48233600130807,6.141928384991866,111.85330984086754,7.449096898907144
2021-08-16,102.700608327218,0,8,16,3,228,0,103.5949625593695,105.5243194429453,107.29318009838022,107.90041051886668,107.78766426790251,107.76547838583268,109.20405922248185,106.08094622864498,2.177426953350626,111.27174395034162,6.289232748159295,111.92648854017668,7.34381058340644
2021-08-17,103.75364886932532,1,8,17,3,229,0,102.700608327218,103.5949625593695,105.5243194429453,107.29318009838022,107.90041051886668,107.78766426790251,107.76547838583268,105.5078277262868,2.1880942815209643,110.16032487720177,6.131670345683383,112.07101923399014,7.128656613851274
2021-08-18,106.2892451422128,2,8,18,3,230,0,103.75364886932532,102.700608327218,103.5949625593695,105.5243194429453,107.29318009838022,107.90041051886668,107.78766426790251,105.29376785118826,1.992433462690158,109.19657925456849,5.534349985250837,112.30584452642584,6.800023547637285
2021-08-19,109.29472096339732,3,8,19,3,231,0,106.2892451422128,103.75364886932532,102.700608327218,103.5949625593695,105.5243194429453,107.29318009838022,107.90041051886668,105.49295505754979,2.336452354402977,108.43069113901356,4.581652236315563,112.58503580675473,6.480839381555091
2021-08-20,111.40206511564978,4,8,20,3,232,0,109.29472096339732,106.2892451422128,103.75364886932532,102.700608327218,103.5949625593695,105.5243194429453,107.29318009838022,106.07993863144543,3.215042277983078,107.89871315455913,3.607685255592391,112.82407987189208,6.291559879211941
2021-08-21,112.36218638447323,5,8,21,3,233,1,111.40206511564978,109.29472096339732,106.2892451422128,103.75364886932532,102.700608327218,103.5949625593695,105.5243194429453,107.05677676594942,3.968572708500985,107.6494423463668,3.100848283449964,112.97926085343695,6.217971626170151
2021-08-22,112.86298063823968,6,8,22,3,234,1,112.36218638447323,111.40206511564978,109.29472096339732,106.2892451422128,103.75364886932532,102.700608327218,103.5949625593695,108.38077934864516,4.162418807792202,107.69539499544963,3.177602633173009,113.06455476664549,6.197527553403266
2021-08-23,114.0879936064686,0,8,23,3,235,0,112.86298063823968,112.36218638447323,111.40206511564978,109.29472096339732,106.2892451422128,103.75364886932532,102.700608327218,110.00754867425239,3.780160593362275,108.04424745144868,3.5964569870210887,113.15186494028795,6.192718279748646
2021-08-24,116.68034567703263,1,8,24,3,236,0,114.0879936064686,112.86298063823968,112.36218638447323,111.40206511564978,109.29472096339732,106.2892451422128,103.75364886932532,111.85421964678201,3.34866356363275,108.6810236865344,4.269536471989358,113.3063374196705,6.221915650634317
2021-08-25,120.5348467267632,2,8,25,3,237,0,116.68034567703263,114.0879936064686,112.86298063823968,112.36218638447323,111.40206511564978,109.29472096339732,106.2892451422128,113.88930558743206,3.7120211866039448,109.59153671931016,5.299381645870442,113.55623707805985,6.359788996771846
2021-08-26,124.14829738080108,3,8,26,3,238,0,120.5348467267632,116.68034567703263,114.0879936064686,112.86298063823968,112.36218638447323,111.40206511564978,109.29472096339732,116.0112450756326,4.74855981933251,110.75210006659118,6.535509320032554,113.84910583970162,6.641866993780055
2021-08-27,126.25797582429868,4,8,27,3,239,0,124.14829738080108,120.5348467267632,116.68034567703263,114.0879936064686,112.86298063823968,112.36218638447323,111.40206511564978,118.13351803401102,5.590402127899951,112.10672833272822,7.6361754132960185,114.10140774938381,6.967817888026512
2021-08-28,126.69686130670746,5,8,28,3,240,1,126.25797582429868,124.14829738080108,120.5348467267632,116.68034567703263,114.0879936064686,112.86298063823968,112.36218638447323,120.18132873718733,5.747223300205318,113.61905275156838,8.299997199215294,114.2750244516964,7.218601923040111
2021-08-29,125.90010822476133,6,8,29,3,241,1,126.69686130670746,126.25797582429868,124.14829738080108,120.5348467267632,116.68034567703263,114.0879936064686,112.86298063823968,122.04377553526186,5.050556361680222,115.2122774419535,8.368320418506583,114.37142133534776,7.357224023941846
2021-08-30,125.4521303941535,0,8,30,3,242,0,125.90010822476133,126.69686130670746,126.25797582429868,124.14829738080108,120.5348467267632,116.68034567703263,114.0879936064686,123.66722364778828,3.7175719607965467,116.83738616102032,7.950390671152609,114.46814135876579,7.48639518167509
2021-08-31,126.03661997630144,1,8,31,3,243,0,125.4521303941535,125.90010822476133,126.69686130670746,126.25797582429868,124.14829738080108,120.5348467267632,116.68034567703263,125.00383426196952,2.129707622654146,118.42902695437577,7.336360914966625,114.64044461920389,7.695328278512283
2021-09-01,127.55636737852592,2,9,1,3,244,0,126.03661997630144,125.4521303941535,125.90010822476133,126.69686130670746,126.25797582429868,124.14829738080108,120.5348467267632,126.00690864079277,1.0578591275992284,119.94810711411242,6.812409866717624,114.90402696379648,8.002104114678597
2021-09-02,128.45663528559814,3,9,2,3,245,0,127.55636737852592,126.03661997630144,125.4521303941535,125.90010822476133,126.69686130670746,126.25797582429868,124.14829738080108,126.6223854843352,1.0495584950357921,121.3168152799839,6.421055586956208,115.208797610207,8.342701710125977
2021-09-03,127.80952484559212,4,9,3,3,246,0,128.45663528559814,127.55636737852592,126.03661997630144,125.4521303941535,125.90010822476133,126.69686130670746,126.25797582429868,126.84403534451998,1.1211633129691754,122.48877668926549,5.9524623871424955,115.47639230975741,8.618621206271639
2021-09-04,125.42361843247586,5,9,4,3,247,1,127.80952484559212,128.45663528559814,127.55636737852592,126.03661997630144,125.4521303941535,125.90010822476133,126.69686130670746,126.66214350534405,1.2454165678326243,123.42173612126568,5.221944736077819,115.65660777146776,8.772002426549895
2021-09-05,122.04232450015829,6,9,5,3,248,1,125.42361843247586,127.80952484559212,128.45663528559814,127.55636737852592,126.03661997630144,125.4521303941535,125.90010822476133,126.11103154468647,2.1580212265003946,124.07740353997417,4.286742093776255,115.76302669153931,8.83124195149356
2021-09-06,119.38754868279467,0,9,6,3,249,0,122.04232450015829,125.42361843247586,127.80952484559212,128.45663528559814,127.55636737852592,126.03661997630144,125.4521303941535,125.24466272877805,3.3530891298395704,124.45594318828317,3.4982455731210655,115.88087905766025,8.856026137990003
2021-09-07,117.8177980941628,1,9,7,3,250,0,119.38754868279467,122.04232450015829,125.42361843247586,127.80952484559212,128.45663528559814,127.55636737852592,126.03661997630144,124.07054531704398,4.327056359295686,124.53718978950675,3.31201805386753,116.06748420909636,8.835174871304043
2021-09-08,117.54235283155286,2,9,8,3,251,0,117.8177980941628,119.38754868279467,122.04232450015829,125.42361843247586,127.80952484559212,128.45663528559814,127.55636737852592,122.63997181033355,4.627473360192139,124.32344022556315,3.667658826408724,116.34542732939872,8.742484849073422
2021-09-09,117.3915848653731,3,9,9,3,252,0,117.54235283155286,117.8177980941628,119.38754868279467,122.04232450015829,125.42361843247586,127.80952484559212,128.45663528559814,121.05925032172995,4.177365333228476,123.8408179030326,4.110318908662383,116.66629754538342,8.592078126857697
2021-09-10,116.20005376302588,4,9,10,3,253,0,117.3915848653731,117.54235283155286,117.8177980941628,119.38754868279467,122.04232450015829,125.42361843247586,127.80952484559212,119.40075445279193,3.253039911149434,123.12239489865597,4.514456791103504,116.94671052855418,8.428029386307548
2021-09-11,113.79851342467512,5,9,11,3,254,1,116.20005376302588,117.3915848653731,117.54235283155286,117.8177980941628,119.38754868279467,122.04232450015829,125.42361843247586,117.74002516596326,2.5592210289988433,122.20108433565365,5.017038147331928,117.14331395874778,8.277169919962708
2021-09-12,111.03245476114829,6,9,12,3,255,1,113.79851342467512,116.20005376302588,117.3915848653731,117.54235283155286,117.8177980941628,119.38754868279467,122.04232450015829,116.16718663181896,2.842025317877342,121.13910908825271,5.700777017944585,117.26795644750673,8.150917243073883
2021-09-13,109.41415243054163,0,9,13,3,256,0,111.03245476114829,113.79851342467512,116.20005376302588,117.3915848653731,117.54235283155286,117.8177980941628,119.38754868279467,114.74241573863995,3.403076596812693,119.99353923370901,6.3426819956019465,117.39761754709326,7.986952663497077
2021-09-14,109.68921930620488,1,9,14,3,257,0,109.41415243054163,111.03245476114829,113.79851342467512,116.20005376302588,117.3915848653731,117.54235283155286,117.8177980941628,113.5811901975031,3.561911616745585,118.82586775727354,6.642270143070687,117.60075943865445,7.695988862334524
2021-09-15,111.48105204862505,2,9,15,3,258,0,109.68921930620488,109.41415243054163,111.03245476114829,113.79851342467512,116.20005376302588,117.3915848653731,117.54235283155286,112.71529008565628,3.1515756905118724,117.6776309479949,6.402062227070275,117.89344089603469,7.264665392862217
2021-09-16,113.74875713331645,3,9,16,3,259,0,111.48105204862505,109.68921930620488,109.41415243054163,111.03245476114829,113.79851342467512,116.20005376302588,117.3915848653731,112.1948861239339,2.4798909682454524,116.62706822283192,5.661073398211647,118.22661117150105,6.808716894661874
2021-09-17,115.1390410026977,4,9,17,3,260,0,113.74875713331645,111.48105204862505,109.68921930620488,109.41415243054163,111.03245476114829,113.79851342467512,116.20005376302588,112.04331287245843,2.2122768913983872,115.7220336626252,4.660145585170588,118.52160436685057,6.456277082111567
2021-09-18,115.5228389824484,5,9,18,3,261,1,115.1390410026977,113.74875713331645,111.48105204862505,109.68921930620488,109.41415243054163,111.03245476114829,113.79851342467512,112.28964509499748,2.5155062542115307,115.01483513048036,3.7338117680983816,118.72920830081894,6.246063957175744
2021-09-19,115.6470906528352,6,9,19,3,262,1,115.5228389824484,115.1390410026977,113.74875713331645,111.48105204862505,109.68921930620488,109.41415243054163,111.03245476114829,112.9488787938099,2.726915838471266,114.55803271281442,3.1541222852774125,118.87070915205845,6.1211839089536655
2021-09-20,116.6495639904928,0,9,20,3,263,0,115.6470906528352,115.5228389824484,115.1390410026977,113.74875713331645,111.48105204862505,109.68921930620488,109.41415243054163,113.98250901666007,2.5277941747456505,114.36246237765,2.906824146907143,119.01362173892576,6.01308279979288
2021-09-21,119.34292970280995,1,9,21,3,264,0,116.6495639904928,115.6470906528352,115.5228389824484,115.1390410026977,113.74875713331645,111.48105204862505,109.68921930620488,115.36161050188936,2.426478497326769,114.47140034969622,3.0702632208903857,119.22962004107809,5.899842714874382
2021-09-22,123.11537676851424,2,9,22,3,265,0,119.34292970280995,116.6495639904928,115.6470906528352,115.5228389824484,115.1390410026977,113.74875713331645,111.48105204862505,117.02365689044495,3.189883942826211,114.86947348805063,3.778622248373354,119.53053281314628,5.8586290788044
2021-09-23,127.19025738908664,3,9,23,3,266,0,123.11537676851424,119.34292970280995,116.6495639904928,115.6470906528352,115.5228389824484,115.1390410026977,113.74875713331645,118.94387121269786,4.616571480154244,115.56937866831586,4.993814233044593,119.88086320354809,5.994964491001188
2021-09-24,129.7533218601927,4,9,24,3,267,0,127.19025738908664,123.11537676851424,119.34292970280995,116.6495639904928,115.6470906528352,115.5228389824484,115.1390410026977,121.03162562091143,5.7696454899589895,116.53746924668494,6.274870822871331,120.18814570799574,6.260035935654599
2021-09-25,130.74327594766254,5,9,25,3,268,1,129.7533218601927,127.19025738908664,123.11537676851424,119.34292970280995,116.6495639904928,115.6470906528352,115.5228389824484,123.20597375879915,6.1995664841267,117.74780942689833,7.262422715454027,120.40797832689113,6.514523904190242
2021-09-26,130.80907555777594,6,9,26,3,269,1,130.74327594766254,129.7533218601927,127.19025738908664,123.11537676851424,119.34292970280995,116.6495639904928,115.6470906528352,125.37197160236211,5.750903756430753,119.160425198086,7.761939221859519,120.55968165134036,6.705637271206692
2021-09-27,131.20265537988735,0,9,27,3,270,0,130.80907555777594,130.74327594766254,129.7533218601927,127.19025738908664,123.11537676851424,119.34292970280995,116.6495639904928,127.4509846579899,4.584353387010594,120.71674683732499,7.84138754673584,120.70987478711302,6.89560765120209
2021-09-28,132.84406072721362,1,9,28,3,271,0,131.20265537988735,130.80907555777594,130.74327594766254,129.7533218601927,127.19025738908664,123.11537676851424,119.34292970280995,129.37971766147615,3.2507028266469304,122.37066408168275,7.778198574185725,120.9413398705281,7.186254609937594
2021-09-29,135.08788485204207,2,9,29,3,272,0,132.84406072721362,131.20265537988735,130.80907555777594,130.74327594766254,129.7533218601927,127.19025738908664,123.11537676851424,131.09007595912297,2.4585341334125905,124.05686642478398,7.7946875739346195,121.26253168579106,7.59833916187325
2021-09-30,136.8683838736317,3,9,30,3,273,0,135.08788485204207,132.84406072721362,131.20265537988735,130.80907555777594,130.74327594766254,129.7533218601927,127.19025738908664,132.4726654569151,2.616158823885438,125.70826833480649,7.8912857161339724,121.62359048236873,8.075394262633836
2021-10-01,137.1066670487121,4,10,1,4,274,0,136.8683838736317,135.08788485204207,132.84406072721362,131.20265537988735,130.80907555777594,130.74327594766254,129.7533218601927,133.52314334098932,2.8112967533387128,127.27738448095037,7.8116591531243715,121.94193380470827,8.494694747099786
2021-10-02,135.5112322811151,5,10,2,4,275,1,137.1066670487121,136.8683838736317,135.08788485204207,132.84406072721362,131.20265537988735,130.80907555777594,130.74327594766254,134.20427996005398,2.5947877840184255,128.70512685942657,7.3084507300135195,122.17708703789216,8.774298166274866
2021-10-03,132.93813185280308,6,10,3,4,276,1,135.5112322811151,137.1066670487121,136.8683838736317,135.08788485204207,132.84406072721362,131.20265537988735,130.80907555777594,134.50843085934358,2.2295629457370714,129.94020123085286,6.327140421107713,122.34804060479921,8.936287737317702
2021-10-04,130.499017130993,0,10,4,4,277,0,132.93813185280308,135.5112322811151,137.1066670487121,136.8683838736317,135.08788485204207,132.84406072721362,131.20265537988735,134.40791110950153,2.4118534697674887,130.92944788374572,5.041335969158913,122.51722056141644,9.043916798761597
2021-10-05,129.30754631816615,1,10,5,4,278,0,130.499017130993,132.93813185280308,135.5112322811151,137.1066670487121,136.8683838736317,135.08788485204207,132.84406072721362,133.90269476535187,3.073640920892755,131.64120621341402,3.8399384095070888,122.7593946220167,9.127646616980321
2021-10-06,129.2428297549733,2,10,6,4,279,0,129.30754631816615,130.499017130993,132.93813185280308,135.5112322811151,137.1066670487121,136.8683838736317,135.08788485204207,133.06768689434205,3.4668095425127667,132.07888142673252,3.064276278898185,123.0879039910893,9.179309725546851
2021-10-07,129.0250267864488,3,10,7,4,280,0,129.2428297549733,129.30754631816615,130.499017130993,132.93813185280308,135.5112322811151,137.1066670487121,136.8683838736317,131.9472073104588,3.2970211848127726,132.20993638368697,2.8723373761635003,123.46147828083218,9.185484730910117
2021-10-08,127.51189458403904,4,10,8,4,281,0,129.0250267864488,129.2428297549733,129.30754631816615,130.499017130993,132.93813185280308,135.5112322811151,137.1066670487121,130.5765255297912,2.7423434790380803,132.04983443539027,3.075110642073211,123.7937963392484,9.144203986581541
2021-10-09,124.87668630415136,5,10,9,4,282,1,127.51189458403904,129.0250267864488,129.2428297549733,129.30754631816615,130.499017130993,132.93813185280308,135.5112322811151,129.05730467593926,2.486741475615295,131.63079231799662,3.6185481776072623,124.043299720541,9.06526966846884
2021-10-10,121.62683327232992,6,10,10,4,283,1,124.87668630415136,127.51189458403904,129.0250267864488,129.2428297549733,129.30754631816615,130.499017130993,132.93813185280308,127.4414048787288,3.135188979420424,130.97491786903618,4.503008925082177,124.22419237085114,8.956861074861955
2021-10-11,119.34450623910313,0,10,11,4,284,0,121.62683327232992,124.87668630415136,127.51189458403904,129.0250267864488,129.2428297549733,129.30754631816615,130.499017130993,125.84790332274453,4.02931971207687,130.12790721612302,5.468601238634743,124.40905879799874,8.789936911813118
2021-10-12,118.8685308019668,1,10,12,4,285,0,119.34450623910313,121.62683327232992,124.87668630415136,127.51189458403904,129.0250267864488,129.2428297549733,129.30754631816615,124.35661539185891,4.445736484377933,129.1296550786054,6.165772509542561,124.67026133269269,8.490042541805204
2021-10-13,119.85676308852572,2,10,13,4,286,0,118.8685308019668,119.34450623910313,121.62683327232992,124.87668630415136,127.51189458403904,129.0250267864488,129.2428297549733,123.01574872522353,4.1306890740091236,128.0417178097828,6.373824338813799,125.01834835462549,8.045409523781718
2021-10-14,121.22899957672546,3,10,14,4,287,0,119.85676308852572,118.8685308019668,119.34450623910313,121.62683327232992,124.87668630415136,127.51189458403904,129.0250267864488,121.90203055240592,3.1826096702789943,126.92461893143233,6.071152687352309,125.40300769697618,7.547705520823649
2021-10-15,121.88831057524378,4,10,15,4,288,0,121.22899957672546,119.85676308852572,118.8685308019668,119.34450623910313,121.62683327232992,124.87668630415136,127.51189458403904,121.0986614082923,2.032479019673951,125.83759346904175,5.437145683625033,125.74991631453013,7.1123733352952465
2021-10-16,121.741870305446,5,10,16,4,289,1,121.88831057524378,121.22899957672546,119.85676308852572,118.8685308019668,119.34450623910313,121.62683327232992,124.87668630415136,120.6508305513344,1.259775378723763,124.85406761363681,4.755291208872801,126.01635342026778,6.789689771331127
2021-10-17,121.04993940562122,6,10,17,4,290,1,121.741870305446,121.88831057524378,121.22899957672546,119.85676308852572,118.8685308019668,119.34450623910313,121.62683327232992,120.56841714180459,1.202869264489363,124.00491101026668,4.2334809094315355,126.2133833670319,6.54449346654126
2021-10-18,121.5153923854579,0,10,18,4,291,0,121.04993940562122,121.741870305446,121.88831057524378,121.22899957672546,119.85676308852572,118.8685308019668,119.34450623910313,120.87854373414098,1.1110746671683414,123.36322352844275,3.8355653185996825,126.41313514713221,6.293586785272769
2021-10-19,123.77627825778384,1,10,19,4,292,0,121.5153923854579,121.04993940562122,121.741870305446,121.88831057524378,121.22899957672546,119.85676308852572,118.8685308019668,121.57965051354343,1.1777648226812851,122.96813295270115,3.4407130966015607,126.68410806729716,5.981322407659967
2021-10-20,127.48653780728048,2,10,20,4,293,0,123.77627825778384,121.5153923854579,121.04993940562122,121.741870305446,121.88831057524378,121.22899957672546,119.85676308852572,122.66961833050838,2.3068574364548304,122.84268352786594,3.2192261686669754,127.04534052785677,5.6737370356099435
2021-10-21,131.34832803616206,3,10,21,4,294,0,127.48653780728048,123.77627825778384,121.5153923854579,121.04993940562122,121.741870305446,121.88831057524378,121.22899957672546,124.11523668185646,3.8847024817380857,123.0086336171312,3.5998236165142172,127.44552047230182,5.533383687217755
2021-10-22,134.12117272401946,4,10,22,4,295,0,131.34832803616206,127.48653780728048,123.77627825778384,121.5153923854579,121.04993940562122,121.741870305446,121.88831057524378,125.86278841739586,5.233346235863532,123.48072491284407,4.545094348647426,127.81238033748535,5.600826046030756
2021-10-23,135.45054143935073,5,10,23,4,296,1,134.12117272401946,131.34832803616206,127.48653780728048,123.77627825778384,121.5153923854579,121.04993940562122,121.741870305446,127.82117000795367,5.950121983224557,124.23600027964405,5.56011968224722,128.08772313916083,5.769684082193191
2021-10-24,136.06196128901195,6,10,24,4,297,1,135.45054143935073,134.12117272401946,131.34832803616206,127.48653780728048,123.77627825778384,121.5153923854579,121.04993940562122,129.96574456272376,5.8064674661497895,125.26708085226417,6.324895394170629,128.29801112012146,5.9447919883682
2021-10-25,137.09982546000427,0,10,25,4,298,0,136.06196128901195,135.45054143935073,134.12117272401946,131.34832803616206,127.48653780728048,123.77627825778384,121.5153923854579,132.19209214480182,4.951105601248307,126.5353179394714,6.807659279675621,128.5098961038662,6.144865420290284
2021-10-26,139.36814300070415,1,10,26,4,299,0,137.09982546000427,136.06196128901195,135.45054143935073,134.12117272401946,131.34832803616206,127.48653780728048,123.77627825778384,134.41950139379045,3.9374483873120414,127.99957595366693,7.223678883081907,128.7951983519638,6.4465846030902965
2021-10-27,142.54057554922892,2,10,27,4,300,0,139.36814300070415,137.09982546000427,136.06196128901195,135.45054143935073,134.12117272401946,131.34832803616206,127.48653780728048,136.5700782140688,3.6178261323456224,129.61984827228858,7.779367634706859,129.17312902427517,6.9083900401558545
2021-10-28,145.27747926701647,3,10,28,4,301,0,142.54057554922892,139.36814300070415,137.09982546000427,136.06196128901195,135.45054143935073,134.12117272401946,131.34832803616206,138.5599569613337,4.069537887729184,131.3375968215951,8.413300439831145,129.58757630893527,7.485091149748361
2021-10-29,146.52927442747554,4,10,29,4,302,0,145.27747926701647,142.54057554922892,139.36814300070415,137.09982546000427,136.06196128901195,135.45054143935073,134.12117272401946,140.3325429189703,4.494063125358181,133.09766566818308,8.850534016354922,129.96895596144972,8.045507043388092
2021-10-30,145.58443794149815,5,10,30,4,303,1,146.52927442747554,145.27747926701647,142.54057554922892,139.36814300070415,137.09982546000427,136.06196128901195,135.45054143935073,141.78024241927707,4.286747917060701,134.80070621361537,8.79106152234003,130.25949109704527,8.450431892603484
2021-10-31,143.9483730273126,6,10,31,4,304,1,145.58443794149815,146.52927442747554,145.27747926701647,142.54057554922892,139.36814300070415,137.09982546000427,136.06196128901195,142.90687266760574,3.497004133544221,136.43630861516476,8.142100476807597,130.4875479629986,8.729311597337338
2021-11-01,142.37270247310568,0,11,1,4,305,0,143.9483730273126,145.58443794149815,146.52927442747554,145.27747926701647,142.54057554922892,139.36814300070415,137.09982546000427,143.6601408123345,2.4483286033703275,137.92611647856816,7.034820256805203,130.71626363606498,8.952510177302964
2021-11-02,141.71511577821738,1,11,2,4,306,0,142.37270247310568,143.9483730273126,145.58443794149815,146.52927442747554,145.27747926701647,142.54057554922892,139.36814300070415,143.99542263769354,1.8502638348749274,139.207462015742,5.781308031470662,131.0088297669121,9.168435202125215
2021-11-03,142.16471814322068,2,11,3,4,307,0,141.71511577821738,142.37270247310568,143.9483730273126,145.58443794149815,146.52927442747554,145.27747926701647,142.54057554922892,143.9417287225495,1.9041872803325357,140.25590346830916,4.727024434057246,131.3976864673197,9.3907576870116
2021-11-04,142.27145735239424,3,11,4,4,308,0,142.16471814322068,141.71511577821738,142.37270247310568,143.9483730273126,145.58443794149815,146.52927442747554,145.27747926701647,143.5122970204606,1.8916602503747328,141.03612699089715,3.987258118535239,131.8298168351273,9.587476881999562
2021-11-05,140.9745971478054,4,11,5,4,309,0,142.27145735239424,142.16471814322068,141.71511577821738,142.37270247310568,143.9483730273126,145.58443794149815,146.52927442747554,142.71877169479347,1.5492074258041013,141.52565730688187,3.4586479053854493,132.22087574822172,9.716708624895345
2021-11-06,138.20387664385564,5,11,6,4,310,1,140.9745971478054,142.27145735239424,142.16471814322068,141.71511577821738,142.37270247310568,143.9483730273126,145.58443794149815,141.66440579513022,1.7696837768311104,141.72232410720363,3.1512499800627993,132.52683741013527,9.757036084559022
2021-11-07,134.73358682131413,6,11,7,4,311,1,138.20387664385564,140.9745971478054,142.27145735239424,142.16471814322068,141.71511577821738,142.37270247310568,143.9483730273126,140.34800776570188,2.871703993184387,141.6274402166538,3.3486115832249603,132.76756048471108,9.718050224767397
2021-11-08,132.16939126704958,0,11,8,4,312,0,134.73358682131413,138.20387664385564,140.9745971478054,142.27145735239424,142.16471814322068,141.71511577821738,142.37270247310568,138.89039187912243,4.029019186084252,141.27526634572845,4.04770227709893,133.01065065014103,9.60440565427752
2021-11-09,131.06926843179664,1,11,9,4,313,0,132.16939126704958,134.73358682131413,138.20387664385564,140.9745971478054,142.27145735239424,142.16471814322068,141.71511577821738,137.3695565439195,4.732833887950462,140.6824895908065,4.872185676343752,133.32539848878994,9.370348155225408
2021-11-10,131.4631294999759,2,11,10,4,314,0,131.06926843179664,132.16939126704958,134.73358682131413,138.20387664385564,140.9745971478054,142.27145735239424,142.16471814322068,135.84075816631307,4.653493919841499,139.8912434444313,5.41632605398052,133.7293525974857,9.000778973923607
2021-11-11,132.13949253029384,3,11,11,4,315,0,131.4631294999759,131.06926843179664,132.16939126704958,134.73358682131413,138.20387664385564,140.9745971478054,142.27145735239424,134.39333462029873,3.8212184969289362,138.9528158203797,5.547866528395175,134.17171798842992,8.560574542447617
2021-11-12,131.95383807285134,4,11,12,4,316,0,132.13949253029384,131.4631294999759,131.06926843179664,132.16939126704958,134.73358682131413,138.20387664385564,140.9745971478054,133.10465475244814,2.537174318806128,137.9117132236208,5.381829393482721,134.57495382124077,8.137488263321215
2021-11-13,130.84032251123847,5,11,13,4,317,1,131.95383807285134,132.13949253029384,131.4631294999759,131.06926843179664,132.16939126704958,134.73358682131413,138.20387664385564,132.05271844778855,1.2911666443831458,136.8585621214594,5.204578011877051,134.89533125239123,7.7750628497476715
2021-11-14,129.53048229614348,6,11,14,4,318,1,130.84032251123847,131.95383807285134,132.13949253029384,131.4631294999759,131.06926843179664,132.16939126704958,134.73358682131413,131.30941780133563,0.9407281605917882,135.82871278351874,5.119542495212603,135.15007030975454,7.452721615845633
2021-11-15,129.17447262224016,0,11,15,4,319,0,129.53048229614348,130.84032251123847,131.95383807285134,132.13949253029384,131.4631294999759,131.06926843179664,132.16939126704958,130.88157228064856,1.1435974569890495,134.8859820798855,5.036322179437913,135.39782372031434,7.107148448034702
2021-11-16,130.88673291872803,1,11,16,4,320,0,129.17447262224016,129.53048229614348,130.84032251123847,131.95383807285134,132.13949253029384,131.4631294999759,131.06926843179664,130.8554957787816,1.1406816500944572,134.11252616135053,4.728967070568474,135.7257168374179,6.633504175733365
2021-11-17,134.01253547531832,2,11,17,4,321,0,130.88673291872803,129.17447262224016,129.53048229614348,130.84032251123847,131.95383807285134,132.13949253029384,131.4631294999759,131.21969663240196,1.6571115852140488,133.5302273993575,4.12446621961897,136.1422882737466,6.079625862856849
2021-11-18,137.50606940163397,3,11,18,4,322,0,134.01253547531832,130.88673291872803,129.17447262224016,129.53048229614348,130.84032251123847,131.95383807285134,132.13949253029384,131.98635047116483,2.916455159253984,133.18984254573178,3.496394114086302,136.5999479785416,5.615716220558049
2021-11-19,140.14203739201568,4,11,19,4,323,0,137.50606940163397,134.01253547531832,130.88673291872803,129.17447262224016,129.53048229614348,130.84032251123847,131.95383807285134,133.15609323104545,4.242058254363333,133.1303739917468,3.358148886315799,137.02179796469943,5.377812725365818
2021-11-20,141.4218637356318,5,11,20,4,324,1,140.14203739201568,137.50606940163397,134.01253547531832,130.88673291872803,129.17447262224016,129.53048229614348,130.84032251123847,134.66774197738735,5.0815834783071026,133.36023021258796,3.811640368811498,137.35758248801508,5.325588851818065
2021-11-21,142.11418421347406,6,11,21,4,325,1,141.4218637356318,140.14203739201568,137.50606940163397,134.01253547531832,130.88673291872803,129.17447262224016,129.53048229614348,136.46541367986313,5.18606536749654,133.88741574059938,4.469783061821171,137.62401620433022,5.357934194026804
2021-11-22,143.57822757398205,0,11,22,4,326,0,142.11418421347406,141.4218637356318,140.14203739201568,137.50606940163397,134.01253547531832,130.88673291872803,129.17447262224016,138.5230929586834,4.639821042901484,134.702332619666,5.124522196698682,137.89493907548461,5.448957415035321
2021-11-23,146.2336502994418,1,11,23,4,327,0,143.57822757398205,142.11418421347406,141.4218637356318,140.14203739201568,137.50606940163397,134.01253547531832,130.88673291872803,140.71550972735682,4.013715998366802,135.7855027530692,5.8489708968995915,138.23399537583228,5.6439424117943275
2021-11-24,150.08764930327172,2,11,24,4,328,0,146.2336502994418,143.57822757398205,142.11418421347406,141.4218637356318,140.14203739201568,137.50606940163397,134.01253547531832,143.01195455992158,4.1362426793953615,137.11582559616176,6.8265761688282165,138.6669228372745,6.038292967585218
2021-11-25,153.60076628260833,3,11,25,4,329,0,150.08764930327172,146.2336502994418,143.57822757398205,142.11418421347406,141.4218637356318,140.14203739201568,137.50606940163397,145.31119697148935,4.957377896786665,138.64877372132707,7.941702044589631,139.141343613338,6.625822512529161
2021-11-26,155.56963254024234,4,11,26,4,330,0,153.60076628260833,150.08764930327172,146.2336502994418,143.57822757398205,142.11418421347406,141.4218637356318,140.14203739201568,147.5151391355217,5.656373039806207,140.33561618328358,8.864689602347145,139.57564551303847,7.253583062678174
2021-11-27,155.77063929229888,5,11,27,4,331,1,155.56963254024234,153.60076628260833,150.08764930327172,146.2336502994418,143.57822757398205,142.11418421347406,141.4218637356318,149.5649642150456,5.680084118153523,142.11635309621647,9.303681586471377,139.9254175138812,7.772445254835557
2021-11-28,154.79389579662833,6,11,28,4,332,1,155.77063929229888,155.56963254024234,153.60076628260833,150.08764930327172,146.2336502994418,143.57822757398205,142.11418421347406,151.37635158406763,4.872368811031568,143.9208826319654,9.123038263737206,140.20090489285298,8.1517930614262
2021-11-29,154.22556448027947,0,11,29,4,333,0,154.79389579662833,155.77063929229888,155.56963254024234,153.60076628260833,150.08764930327172,146.2336502994418,143.57822757398205,152.8973997135387,3.5012386177458117,145.71024633611106,8.439340561191418,140.48894244414566,8.494054417349364
2021-11-30,154.52865709119322,1,11,30,4,334,0,154.22556448027947,154.79389579662833,155.77063929229888,155.56963254024234,153.60076628260833,150.08764930327172,146.2336502994418,154.08240068378888,1.9138915169613933,147.39895520557283,7.5650796404869975,140.84161857960834,8.854639085339242
2021-12-01,155.63411788681836,2,12,1,4,335,0,154.52865709119322,154.22556448027947,154.79389579662833,155.77063929229888,155.56963254024234,153.60076628260833,150.08764930327172,154.87475333858129,0.8198488693366385,148.94335394925142,6.789272738038822,141.28366576006545,9.2556525379402
2021-12-02,156.4585616810018,3,12,2,4,336,0,155.63411788681836,154.52865709119322,154.22556448027947,154.79389579662833,155.77063929229888,155.56963254024234,153.60076628260833,155.28300982406608,0.7907386159434859,150.2971033977777,6.196989712792924,141.77511395682492,9.661854770140716
2021-12-03,155.61649116276126,4,12,3,4,337,0,156.4585616810018,155.63411788681836,154.52865709119322,154.22556448027947,154.79389579662833,155.77063929229888,155.56963254024234,155.28970391299734,0.7937620233744104,151.40242152425955,5.597397649929398,142.2235063908096,9.987219330429019
2021-12-04,153.10371084417537,5,12,4,4,338,1,155.61649116276126,156.4585616810018,155.63411788681836,154.52865709119322,154.22556448027947,154.79389579662833,155.77063929229888,154.90871413469398,1.1038978876525367,152.2368391748698,4.810537296294118,142.58458150720233,10.18290867112675
2021-12-05,149.78951797126678,6,12,5,4,339,1,153.10371084417537,155.61649116276126,156.4585616810018,155.63411788681836,154.52865709119322,154.22556448027947,154.79389579662833,154.19380301678515,2.233339951787825,152.7850773004264,3.9237915831228825,142.87841220131767,10.261723668213328
2021-12-06,147.15544467320356,0,12,6,4,340,0,149.78951797126678,153.10371084417537,155.61649116276126,156.4585616810018,155.63411788681836,154.52865709119322,154.22556448027947,153.18378590148862,3.471872247344172,153.04059280751363,3.353098133785113,143.17679780229594,10.251252087902063
2021-12-07,145.7891986592615,1,12,7,4,341,0,147.15544467320356,149.78951797126678,153.10371084417537,155.61649116276126,156.4585616810018,155.63411788681836,154.52865709119322,151.93529183978407,4.364314788190463,153.0088462617865,3.4238598687749957,143.54531819689421,10.135324909908322
2021-12-08,145.93937327834138,2,12,8,4,342,0,145.7891986592615,147.15544467320356,149.78951797126678,153.10371084417537,155.61649116276126,156.4585616810018,155.63411788681836,150.5503283242874,4.530016907932927,152.71254083143432,3.8491908549674125,144.00431759727059,9.911711798616727
2021-12-09,145.92571397161714,3,12,9,4,343,0,145.93937327834138,145.7891986592615,147.15544467320356,149.78951797126678,153.10371084417537,155.61649116276126,156.4585616810018,149.0456357943753,3.953004308191296,152.1643228092207,4.239702325075415,144.49953244859796,9.60968984255166
2021-12-10,145.37423038800412,4,12,10,4,344,0,145.92571397161714,145.93937327834138,145.7891986592615,147.15544467320356,149.78951797126678,153.10371084417537,155.61649116276126,147.5824556836957,2.8599027808402444,151.43607979834653,4.478671470530785,144.9632358115322,9.2892312469381
2021-12-11,143.41806431375096,5,12,11,4,345,1,145.37423038800412,145.92571397161714,145.93937327834138,145.7891986592615,147.15544467320356,149.78951797126678,153.10371084417537,146.19879189363508,1.9378029673931014,150.55375301416453,4.7665633030011,145.33918820431413,8.975260355034454
2021-12-12,141.24783170321996,6,12,12,4,346,1,143.41806431375096,145.37423038800412,145.92571397161714,145.93937327834138,145.7891986592615,147.15544467320356,149.78951797126678,144.9785509981998,1.9885614643452203,149.5861770074925,5.195235601438547,145.6489879919931,8.6518803565204
2021-12-13,140.14167926761317,0,12,13,4,347,0,141.24783170321996,143.41806431375096,145.37423038800412,145.92571397161714,145.93937327834138,145.7891986592615,147.15544467320356,143.9765845116869,2.4274528615433084,148.58018520658774,5.577306330775557,145.95903321720556,8.260721376651182
2021-12-14,141.0100748870988,1,12,14,4,348,0,140.14167926761317,141.24783170321996,143.41806431375096,145.37423038800412,145.92571397161714,145.93937327834138,145.7891986592615,143.29385254423508,2.5035612334969826,147.61457219200958,5.638132740322085,146.34168630357075,7.721774438446786
2021-12-15,143.4235531019271,2,12,15,4,349,0,141.0100748870988,140.14167926761317,141.24783170321996,143.41806431375096,145.37423038800412,145.92571397161714,145.93937327834138,142.93444966189017,2.225637075701761,146.74238899308878,5.2319485175586165,146.81665565289364,7.037296241154978
2021-12-16,146.33357402119265,3,12,16,4,350,0,143.4235531019271,141.0100748870988,140.14167926761317,141.24783170321996,143.41806431375096,145.37423038800412,145.92571397161714,142.99271538325812,2.3203226189397643,146.0191755888167,4.422784538493882,147.33155035630912,6.364502976682177
2021-12-17,148.34011895202275,4,12,17,4,351,0,146.33357402119265,143.4235531019271,141.0100748870988,140.14167926761317,141.24783170321996,143.41806431375096,145.37423038800412,143.41641374954648,2.9991624221332587,145.4994347166211,3.549537172335944,147.8091364721993,5.847128515230928
2021-12-18,149.25643004338346,5,12,18,4,352,1,148.34011895202275,146.33357402119265,143.4235531019271,141.0100748870988,140.14167926761317,141.24783170321996,143.41806431375096,144.25046599663685,3.723934678486315,145.22462894513595,3.025818735787718,148.2008151602576,5.517425518193052
2021-12-19,149.75068548039624,6,12,19,4,353,1,149.25643004338346,148.34011895202275,146.33357402119265,143.4235531019271,141.0100748870988,140.14167926761317,141.24783170321996,145.4651593933763,3.960521393931596,145.22185519578804,3.021326701860246,148.5211034298703,5.308412996617999
2021-12-20,151.11917998627263,0,12,20,4,354,0,149.75068548039624,149.25643004338346,148.34011895202275,146.33357402119265,143.4235531019271,141.0100748870988,140.14167926761317,147.03337378175624,3.663509517543281,145.50497914672155,3.380792334610094,148.84434730489164,5.154222932875924
2021-12-21,154.05172712350844,1,12,21,4,355,0,151.11917998627263,149.75068548039624,149.25643004338346,148.34011895202275,146.33357402119265,143.4235531019271,141.0100748870988,148.89646695838616,3.3962516758048085,146.09515975131063,4.082576248567676,149.24226540189278,5.076945702073824
2021-12-22,158.0446084885446,2,12,22,4,356,0,154.05172712350844,151.11917998627263,149.75068548039624,149.25643004338346,148.34011895202275,146.33357402119265,143.4235531019271,150.9851891564744,3.9243584847827147,146.9598194091823,5.181139775801538,149.72447809904486,5.205799150061523
2021-12-23,162.06762012458836,3,12,23,4,357,0,158.0446084885446,154.05172712350844,151.11917998627263,149.75068548039624,149.25643004338346,148.34011895202275,146.33357402119265,153.23291002838806,5.135181692216979,148.11281270582307,6.548866494429199,150.25227709321643,5.6254352227687825
2021-12-24,164.8238715519895,4,12,24,4,358,0,162.06762012458836,158.0446084885446,154.05172712350844,151.11917998627263,149.75068548039624,149.25643004338346,148.34011895202275,155.5877318283833,6.188904461870884,149.50207278896488,7.8558088515253495,150.743484501507,6.222278779665531
2021-12-25,165.72375900491554,5,12,25,4,359,1,164.8238715519895,162.06762012458836,158.0446084885446,154.05172712350844,151.11917998627263,149.75068548039624,149.25643004338346,157.94020739431647,6.5029468479227805,151.09533669547665,8.739246629884565,151.14758425891722,6.782664286168475
2021-12-26,165.6582873927918,6,12,26,4,360,1,165.72375900491554,164.8238715519895,162.06762012458836,158.0446084885446,154.05172712350844,151.11917998627263,149.75068548039624,160.21272195323013,5.917208505458303,152.8389406733032,9.052885737760617,151.48387275400222,7.243891137689905
2021-12-27,165.89763103524115,0,12,27,4,361,0,165.6582873927918,165.72375900491554,164.8238715519895,162.06762012458836,158.0446084885446,154.05172712350844,151.11917998627263,162.32392924593992,4.627912616554359,154.67865151384808,8.88965286785031,151.82143914543366,7.673749103956617
2021-12-28,167.1979350740147,1,12,28,4,362,0,165.89763103524115,165.6582873927918,165.72375900491554,164.8238715519895,162.06762012458836,158.0446084885446,154.05172712350844,164.2019589531551,3.1396148093951295,156.54921295577063,8.540642822986792,152.2349071213465,8.158301863300101
2021-12-29,169.1822309696671,2,12,29,4,363,0,167.1979350740147,165.89763103524115,165.6582873927918,165.72375900491554,164.8238715519895,162.06762012458836,158.0446084885446,165.79304787902973,2.1722601030708617,158.38911851775205,8.265638793548371,152.73346267099276,8.721695361342322
2021-12-30,170.7663128916174,3,12,30,4,364,0,169.1822309696671,167.1979350740147,165.89763103524115,165.6582873927918,165.72375900491554,164.8238715519895,162.06762012458836,167.0357182743196,2.173983620181815,160.13431415135383,8.10217956866058,153.27471786434026,9.320247476825969
2021-12-31,170.81990212496285,4,12,31,4,365,0,170.7663128916174,169.1822309696671,167.1979350740147,165.89763103524115,165.6582873927918,165.72375900491554,164.8238715519895,167.89229407045863,2.3327007064622745,161.740012949421,7.807156815467374,153.7809106722784,9.850123691430671
2022-01-01,168.9212970941282,5,1,1,1,1,1,170.81990212496285,170.7663128916174,169.1822309696671,167.1979350740147,165.89763103524115,165.6582873927918,165.72375900491554,168.34908522606045,2.1426094405714133,163.14464631018845,7.127849711019542,154.19633518604925,10.222705164683235
2022-01-02,166.17449768247548,6,1,2,1,2,1,168.9212970941282,170.81990212496285,170.7663128916174,169.1822309696671,167.1979350740147,165.89763103524115,165.6582873927918,168.42282955315812,2.0410382045130966,164.31777575319413,6.019172537719922,154.54826873670643,10.452439317191343
2022-01-03,163.65138142618264,0,1,3,1,3,0,166.17449768247548,168.9212970941282,170.81990212496285,170.7663128916174,169.1822309696671,167.1979350740147,165.89763103524115,168.10193675186403,2.6033409962893415,165.21293299890198,4.690567906913827,154.89985775610666,10.578805438531822
2022-01-04,162.66291172510776,1,1,4,1,4,0,163.65138142618264,166.17449768247548,168.9212970941282,170.81990212496285,170.7663128916174,169.1822309696671,167.1979350740147,167.4540762734488,3.3289642500695455,165.82801761330194,3.53718749101263,155.3289708812347,10.625356631203262
2022-01-05,162.59862987412086,2,1,5,1,5,0,162.66291172510776,163.65138142618264,166.17449768247548,168.9212970941282,170.81990212496285,170.7663128916174,169.1822309696671,166.5135618312279,3.671713656227211,166.15330485512882,2.9223036489461687,155.84374372126527,10.589747125960528
2022-01-06,162.55334754347425,3,1,6,1,6,0,162.59862987412086,162.66291172510776,163.65138142618264,166.17449768247548,168.9212970941282,170.81990212496285,170.7663128916174,165.34028106720743,3.3874813260173524,166.1879996707635,2.872524790299266,156.40254868407234,10.482656610860486
2022-01-07,161.47062394280275,4,1,7,1,7,0,162.55334754347425,162.59862987412086,162.66291172510776,163.65138142618264,166.17449768247548,168.9212970941282,170.81990212496285,164.0046698983274,2.6239657444252282,165.94848198439303,3.1238266578353264,156.92025703955443,10.330509364269078
2022-01-08,159.09718867753358,5,1,8,1,8,1,161.47062394280275,162.55334754347425,162.59862987412086,162.66291172510776,163.65138142618264,166.17449768247548,168.9212970941282,162.6012258388139,2.138291363066028,165.47515553243719,3.6226955262202587,157.3593061964183,10.12497665770269
2022-01-09,156.26250277024195,6,1,9,1,9,1,159.09718867753358,161.47062394280275,162.55334754347425,162.59862987412086,162.66291172510776,163.65138142618264,166.17449768247548,161.1852265656377,2.6079845538932105,164.80402805939792,4.377781856950695,157.72224860915958,9.872547337536293
2022-01-10,154.29784642622545,0,1,10,1,10,0,156.26250277024195,159.09718867753358,161.47062394280275,162.55334754347425,162.59862987412086,162.66291172510776,163.65138142618264,159.8490072799295,3.407472478053898,163.97547201589677,5.179229785557925,158.0849080129087,9.522604185404463
2022-01-11,154.35279302377558,1,1,11,1,11,0,154.29784642622545,156.26250277024195,159.09718867753358,161.47062394280275,162.55334754347425,162.59862987412086,162.66291172510776,158.6618474654535,3.6988756417633324,163.05796186945116,5.678187751873109,158.52174005692723,9.010408923855952
2022-01-12,156.00754011743246,2,1,12,1,12,0,154.35279302377558,154.29784642622545,156.26250277024195,159.09718867753358,161.47062394280275,162.55334754347425,162.59862987412086,157.72026321449798,3.352389981600615,162.11691252286295,5.676858221988549,159.05060208525452,8.334681003855104
2022-01-13,158.09874856376382,3,1,13,1,13,0,156.00754011743246,154.35279302377558,154.29784642622545,156.26250277024195,159.09718867753358,161.47062394280275,162.55334754347425,157.08389193168222,2.626178455915357,161.21208649944484,5.179983097309057,159.62022454114336,7.611813927899697
2022-01-14,159.4411736124356,4,1,14,1,14,0,158.09874856376382,156.00754011743246,154.35279302377558,154.29784642622545,156.26250277024195,159.09718867753358,161.47062394280275,156.79397045591548,2.125474756540104,160.39932017712144,4.388767897738711,160.154145224827,6.971368493634769
2022-01-15,159.64622624973305,5,1,15,1,15,1,159.4411736124356,158.09874856376382,156.00754011743246,154.35279302377558,154.29784642622545,156.26250277024195,159.09718867753358,156.87240439480112,2.2320895815999955,159.73681511680752,3.6394733991776005,160.59790029911164,6.466736153416444
2022-01-16,159.68612260521485,6,1,16,1,16,1,159.64622624973305,159.4411736124356,158.09874856376382,156.00754011743246,154.35279302377558,154.29784642622545,156.26250277024195,157.3614929426544,2.4414449384263968,159.27335975414601,3.13475194446301,160.97610042088473,6.043031589348267
2022-01-17,160.61352250609394,0,1,17,1,17,0,159.68612260521485,159.64622624973305,159.4411736124356,158.09874856376382,156.00754011743246,154.35279302377558,154.29784642622545,158.26373238263562,2.2823757570661143,159.05636983128258,2.9051212666498647,161.35467016964176,5.624791276595767
2022-01-18,163.32239471415636,1,1,18,1,18,0,160.61352250609394,159.68612260521485,159.64622624973305,159.4411736124356,158.09874856376382,156.00754011743246,154.35279302377558,159.54510405269,2.238178537583461,159.10347575907173,2.9726605898596166,161.80706047743377,5.1881489614846945
2022-01-19,167.34155003697992,2,1,19,1,19,0,163.32239471415636,160.61352250609394,159.68612260521485,159.64622624973305,159.4411736124356,158.09874856376382,156.00754011743246,161.16424832691106,3.1616312540972182,159.44225577070455,3.6046999421161545,162.34780614579068,4.871512576496948
2022-01-20,171.51750130263045,3,1,20,1,20,0,167.34155003697992,163.32239471415636,160.61352250609394,159.68612260521485,159.64622624973305,159.4411736124356,158.09874856376382,163.08121300389203,4.691210868797413,160.08255246778714,4.798342232468422,162.92999861842807,4.889493833811797
2022-01-21,174.47238850226023,4,1,21,1,21,0,171.51750130263045,167.34155003697992,163.32239471415636,160.61352250609394,159.68612260521485,159.64622624973305,159.4411736124356,165.22852941672411,6.003845635905301,161.01124993631979,6.154292305656467,163.47759128555194,5.231441234175178
2022-01-22,175.9103402463443,5,1,22,1,22,1,174.47238850226023,171.51750130263045,167.34155003697992,163.32239471415636,160.61352250609394,159.68612260521485,159.64622624973305,167.55197427338288,6.60084813309021,162.212189334092,7.2880659280412665,163.93901528961044,5.6929151641313895
2022-01-23,176.60176713452017,6,1,23,1,23,1,175.9103402463443,174.47238850226023,171.51750130263045,167.34155003697992,163.32239471415636,160.61352250609394,159.68612260521485,169.96849492042648,6.332157354297065,163.66499393154044,8.002975249236325,164.33161180902815,6.144264389580225
2022-01-24,177.4901224859686,0,1,24,1,24,0,176.60176713452017,175.9103402463443,174.47238850226023,171.51750130263045,167.34155003697992,163.32239471415636,160.61352250609394,172.37943777469428,5.306413647550327,165.32158507866492,8.309353278900433,164.72382392506324,6.595194125097889
2022-01-25,179.80321017614995,1,1,25,1,25,0,177.4901224859686,176.60176713452017,175.9103402463443,174.47238850226023,171.51750130263045,167.34155003697992,163.32239471415636,174.73383998355052,4.1478519367288476,167.13947201812024,8.506679096460983,165.19532135117518,7.146849689237539
2022-01-26,182.6312310579957,2,1,26,1,26,0,179.80321017614995,177.4901224859686,176.60176713452017,175.9103402463443,174.47238850226023,171.51750130263045,167.34155003697992,176.9180801294099,3.5952411638909734,169.0411642281605,8.7976014427709,165.75310801860033,7.824431858536259
2022-01-27,185.1371237248036,3,1,27,1,27,0,182.6312310579957,179.80321017614995,177.4901224859686,176.60176713452017,175.9103402463443,174.47238850226023,171.51750130263045,178.86374047543464,3.8609545633880815,170.97247673966334,9.170585016998187,166.35108097362664,8.586990306888739
2022-01-28,185.9961568890373,4,1,28,1,28,0,185.1371237248036,182.6312310579957,179.80321017614995,177.4901224859686,176.60176713452017,175.9103402463443,174.47238850226023,180.50999310211708,4.12428132349532,172.8692612594206,9.346600025262557,166.91154517093898,9.297470303548343
2022-01-29,185.08434813515697,5,1,29,1,29,1,185.9961568890373,185.1371237248036,182.6312310579957,179.80321017614995,177.4901224859686,176.60176713452017,175.9103402463443,181.82056565766175,3.8687399590228635,174.6862699655223,9.046055323904191,167.38881301239027,9.853064748029412
2022-01-30,182.96370466829725,6,1,30,1,30,1,185.08434813515697,185.9961568890373,185.1371237248036,182.6312310579957,179.80321017614995,177.4901224859686,176.60176713452017,182.72941387677278,3.111584976558367,176.34895439859966,8.174127810883418,167.79360643050143,10.240711197674976
2022-01-31,181.21869292114263,0,1,31,1,31,0,182.96370466829725,185.08434813515697,185.9961568890373,185.1371237248036,182.6312310579957,179.80321017614995,177.4901224859686,183.26206679608336,2.2707500962947686,177.8207522853888,6.874683999747517,168.20351962473526,10.529454918327335
2022-02-01,180.70619378490213,1,2,1,1,32,0,181.21869292114263,182.96370466829725,185.08434813515697,185.9961568890373,185.1371237248036,182.6312310579957,179.80321017614995,183.3910644544765,2.057107636134893,179.06245221901352,5.483784343824723,168.68790949481615,10.76452367759816
2022-02-02,180.8615634357717,2,2,2,1,33,0,180.70619378490213,181.21869292114263,182.96370466829725,185.08434813515697,185.9961568890373,185.1371237248036,182.6312310579957,183.13825479415883,2.2643538630493447,180.02816746178434,4.329996888187585,169.2615822284691,10.94395180672471
2022-02-03,181.03624353942809,3,2,3,1,34,0,180.8615634357717,180.70619378490213,181.21869292114263,182.96370466829725,185.08434813515697,185.9961568890373,185.1371237248036,182.55241476767657,2.1902931713721583,180.7080776215556,3.571772227889423,169.87402662227979,11.075259638585022
2022-02-04,179.78969700310748,4,2,4,1,35,0,181.03624353942809,180.8615634357717,180.70619378490213,181.21869292114263,182.96370466829725,185.08434813515697,185.9961568890373,181.6657776411152,1.7820716852496448,181.08788537161612,3.1106305100752603,170.447062193246,11.130445872176956
2022-02-05,177.20290114553288,5,2,5,1,36,1,179.78969700310748,181.03624353942809,180.8615634357717,180.70619378490213,181.21869292114263,182.96370466829725,185.08434813515697,180.53985664259744,1.7517340302292312,181.18021115012962,2.960705223086339,170.93538064664796,11.093481956582467
2022-02-06,174.11240612278874,6,2,6,1,37,1,177.20290114553288,179.78969700310748,181.03624353942809,180.8615634357717,180.70619378490213,181.21869292114263,182.96370466829725,179.2753854218105,2.6663427302672162,181.00239964929165,3.310869763915774,171.35677338598083,10.960870264813007
2022-02-07,171.6449432998223,0,2,7,1,38,0,174.11240612278874,177.20290114553288,179.78969700310748,181.03624353942809,180.8615634357717,180.70619378490213,181.21869292114263,177.90770690447906,3.741873251553669,180.5848868502812,4.069488940267299,171.77503187339047,10.713538086678708
2022-02-08,171.14651120818982,1,2,8,1,39,0,171.6449432998223,174.11240612278874,177.20290114553288,179.78969700310748,181.03624353942809,180.8615634357717,180.70619378490213,176.54203796494872,4.259040765262254,179.9665512097126,4.791087831277788,172.2711654879887,10.307327614207068
2022-02-09,171.97513355892843,2,2,9,1,40,0,171.14651120818982,171.6449432998223,174.11240612278874,177.20290114553288,179.78969700310748,181.03624353942809,180.8615634357717,175.27254798254253,4.077451231950914,179.20540138835068,5.166907604828339,172.86040839241213,9.733731422305869
2022-02-10,173.1759744631898,3,2,10,1,41,0,171.97513355892843,171.14651120818982,171.6449432998223,174.11240612278874,177.20290114553288,179.78969700310748,181.03624353942809,174.14965240022278,3.217214735390089,178.3510335839497,5.0990917961712805,173.48784777372595,9.084616866346453
2022-02-11,173.74025725763374,4,2,11,1,42,0,173.1759744631898,171.97513355892843,171.14651120818982,171.6449432998223,174.11240612278874,177.20290114553288,179.78969700310748,173.28544672229796,2.0507057730454923,177.47561218170654,4.723849913230076,174.078938345066,8.463712720672172
2022-02-12,173.23017624703385,5,2,12,1,43,1,173.74025725763374,173.1759744631898,171.97513355892843,171.14651120818982,171.6449432998223,174.11240612278874,177.20290114553288,172.71791459394095,1.1280013043657433,176.6288856182692,4.29834919364194,174.58331926784166,7.911407054153521
2022-02-13,172.4687578569242,6,2,13,1,44,1,173.23017624703385,173.74025725763374,173.1759744631898,171.97513355892843,171.14651120818982,171.6449432998223,174.11240612278874,172.48310769881746,0.9456791356387977,175.879246560314,4.0143471911998345,175.01757207599127,7.392097400995267
2022-02-14,172.68637890179747,0,2,14,1,45,0,172.4687578569242,173.23017624703385,173.74025725763374,173.1759744631898,171.97513355892843,171.14651120818982,171.6449432998223,172.63188421338532,0.8707958647796691,175.2697955589322,3.782342303905454,175.4522438310601,6.818175553959136
2022-02-15,174.90453192149852,1,2,15,1,46,0,172.68637890179747,172.4687578569242,173.23017624703385,173.74025725763374,173.1759744631898,171.97513355892843,171.14651120818982,173.16874431528657,0.9566239148029836,174.85539114011766,3.443547259749964,175.95952414160288,6.1367952691193155
2022-02-16,178.60877154529726,2,2,16,1,47,0,174.90453192149852,172.68637890179747,172.4687578569242,173.23017624703385,173.74025725763374,173.1759744631898,171.97513355892843,174.11640688476785,2.135943003789699,174.6944774336552,3.1841613340893966,176.55936577624297,5.423041121271284
2022-02-17,182.55657486272307,3,2,17,1,48,0,178.60877154529726,174.90453192149852,172.68637890179747,172.4687578569242,173.23017624703385,173.74025725763374,173.1759744631898,175.45649265612974,3.7672874487028807,174.80307252817627,3.433264451707936,177.20050511452854,4.917558966504813
2022-02-18,185.5327725210637,4,2,18,1,49,0,182.55657486272307,178.60877154529726,174.90453192149852,172.68637890179747,172.4687578569242,173.23017624703385,173.74025725763374,177.14113769376257,5.2261279162269245,175.21329220803028,4.306873558383403,177.80687919733134,4.779576516179938
2022-02-19,187.07665252828176,5,2,19,1,50,1,185.5327725210637,182.55657486272307,178.60877154529726,174.90453192149852,172.68637890179747,172.4687578569242,173.23017624703385,179.11920573394084,6.053979976961762,175.9185601639409,5.341824896561163,178.32551757151973,4.915805083521047
2022-02-20,187.9155822120069,6,2,20,1,51,1,187.07665252828176,185.5327725210637,182.55657486272307,178.60877154529726,174.90453192149852,172.68637890179747,172.4687578569242,181.3258949275241,6.0410468624808535,176.90450131317078,6.189404334684507,178.77362402851128,5.159149232310984
2022-02-21,189.4805204989447,0,2,21,1,52,0,187.9155822120069,187.07665252828176,185.5327725210637,182.55657486272307,178.60877154529726,174.90453192149852,172.68637890179747,183.72505801283086,5.331201860276963,178.1784711131081,6.826333397984954,179.22596337026462,5.484110951255772
2022-02-22,192.26371884525275,1,2,22,1,53,0,189.4805204989447,187.9155822120069,187.07665252828176,185.5327725210637,182.55657486272307,178.60877154529726,174.90453192149852,186.20494185908143,4.520113580746926,179.68684308718403,7.45694255239728,179.74802842728906,5.951264192194896
2022-02-23,195.9554377771704,2,2,23,1,54,0,192.26371884525275,189.4805204989447,187.9155822120069,187.07665252828176,185.5327725210637,182.55657486272307,178.60877154529726,188.6830370350633,4.4153564975207455,181.39972195991558,8.260188356338835,180.36353893699578,6.626293502980809
2022-02-24,199.3529560390583,3,2,24,1,55,0,195.9554377771704,192.26371884525275,189.4805204989447,187.9155822120069,187.07665252828176,185.5327725210637,182.55657486272307,191.0825200602541,5.049475868619675,183.26950635819188,9.168266890726079,181.01519713242607,7.47609856646029
2022-02-25,201.1581170950426,4,2,25,1,56,0,199.3529560390583,195.9554377771704,192.26371884525275,189.4805204989447,187.9155822120069,187.07665252828176,185.5327725210637,193.31471214225107,5.609848879557113,185.22792491800683,9.877101300220684,181.63276000032758,8.330570178740967
2022-02-26,201.0749454358793,5,2,26,1,57,1,201.1581170950426,199.3529560390583,195.9554377771704,192.26371884525275,189.4805204989447,187.9155822120069,187.07665252828176,195.31446827190786,5.50964438789242,187.21683700292436,10.076797336964319,182.16402072403017,9.039767422026106
2022-02-27,199.8979431898748,6,2,27,1,58,1,201.0749454358793,201.1581170950426,199.3529560390583,195.9554377771704,192.26371884525275,189.4805204989447,187.9155822120069,197.026234125889,4.61683186305732,189.17606452670654,9.646077641205105,182.6274136007247,9.582975576290648
2022-02-28,198.8886612919121,0,2,28,1,59,0,199.8979431898748,201.0749454358793,201.1581170950426,199.3529560390583,195.9554377771704,192.26371884525275,189.4805204989447,198.37025423917004,3.2087621981330314,191.04765612600045,8.695681565243536,183.08755737261657,10.026187927589751
2022-03-01,199.118071983865,1,3,1,1,60,0,198.8886612919121,199.8979431898748,201.0749454358793,201.1581170950426,199.3529560390583,195.9554377771704,192.26371884525275,199.34944754468606,1.7480774782670507,192.77719470188376,7.573467420154479,183.62603628313548,10.444388296110423
2022-03-02,200.03283263913207,2,3,2,1,61,0,199.118071983865,198.8886612919121,199.8979431898748,201.0749454358793,201.1581170950426,199.3529560390583,195.9554377771704,199.9319325249663,0.9043727881521126,194.30748478001482,6.59114413402267,184.2531742737351,10.851760960458394
2022-03-03,200.63909442972064,3,3,3,1,62,0,200.03283263913207,199.118071983865,198.8886612919121,199.8979431898748,201.0749454358793,201.1581170950426,199.3529560390583,200.1156665807752,0.8977655229469378,195.59909332051464,5.84025297862531,184.91760429522907,11.230706142799072
2022-03-04,199.7323848263307,4,3,4,1,63,0,200.63909442972064,200.03283263913207,199.118071983865,198.8886612919121,199.8979431898748,201.0749454358793,201.1581170950426,199.91199054238783,0.7752109318818831,196.61335134231942,5.149775399537743,185.54663167491438,11.520431692268561
2022-03-05,197.2688315593924,5,3,5,1,64,1,199.7323848263307,200.63909442972064,200.03283263913207,199.118071983865,198.8886612919121,199.8979431898748,201.0749454358793,199.36825998860397,1.0931633647907268,197.3413641302559,4.357340579436116,186.0877179422465,11.6813632639827
2022-03-06,194.159890164432,6,3,6,1,65,1,197.2688315593924,199.7323848263307,200.63909442972064,200.03283263913207,199.118071983865,198.8886612919121,199.8979431898748,198.54853812782645,2.2103160136469975,197.78738612685768,3.5660227053086038,186.5667243809573,11.708801088591159
2022-03-07,191.545049509766,0,3,7,1,66,0,194.159890164432,197.2688315593924,199.7323848263307,200.63909442972064,200.03283263913207,199.118071983865,198.8886612919121,197.49945073037696,3.4288496556243806,197.9348524847735,3.2221950766870093,187.04479599309846,11.605632738470383
2022-03-08,190.5820456391745,1,3,8,1,67,0,191.545049509766,194.159890164432,197.2688315593924,199.7323848263307,200.63909442972064,200.03283263913207,199.118071983865,196.2800183954212,4.190535201738482,197.81473297005363,3.4715663106585324,187.59378397697796,11.359720764621585
2022-03-09,190.90756339588165,2,3,9,1,68,0,190.5820456391745,191.545049509766,194.159890164432,197.2688315593924,199.7323848263307,200.63909442972064,200.03283263913207,194.9764085035283,4.247496878253714,197.4541705142473,3.9135365018736055,188.23587131351326,10.964679579755888
2022-03-10,191.5247025171369,3,3,10,1,69,0,190.90756339588165,190.5820456391745,191.545049509766,194.159890164432,197.2688315593924,199.7323848263307,200.63909442972064,193.6743525160163,3.564365117383845,196.8950095483958,4.172076902351395,188.91514435714487,10.49043830016441
2022-03-11,191.33651597681805,4,3,11,1,70,0,191.5247025171369,190.90756339588165,190.5820456391745,191.545049509766,194.159890164432,197.2688315593924,199.7323848263307,192.47494268037164,2.412599865789639,196.19346661137973,4.22550337251771,189.56052377107451,9.99626346259766
2022-03-12,189.9424000788728,5,3,12,1,71,1,191.33651597681805,191.5247025171369,190.90756339588165,190.5820456391745,191.545049509766,194.159890164432,197.2688315593924,191.42830961172598,1.3346750325941596,195.398284800165,4.283313091022685,190.1194046249306,9.505271046624301
2022-03-13,188.41581960692943,6,3,13,1,72,1,189.9424000788728,191.33651597681805,191.5247025171369,190.90756339588165,190.5820456391745,191.545049509766,194.159890164432,190.60772810351133,1.12459105808098,194.57813311566886,4.451437408445142,190.6085900365738,8.997321085686123
2022-03-14,187.9208114575184,0,3,14,1,73,0,188.41581960692943,189.9424000788728,191.33651597681805,191.5247025171369,190.90756339588165,190.5820456391745,191.545049509766,190.0899798103331,1.4173177052542782,193.79471527035506,4.597204035179126,191.09827787692328,8.39873323220995
2022-03-15,189.36004706074075,1,3,15,1,74,0,187.9208114575184,188.41581960692943,189.9424000788728,191.33651597681805,191.5247025171369,190.90756339588165,190.5820456391745,189.91540858484254,1.421858180656167,193.09771349013187,4.465874872692412,191.66132085038382,7.638547401547357
2022-03-16,192.39928735598195,2,3,16,1,75,0,189.36004706074075,187.9208114575184,188.41581960692943,189.9424000788728,191.33651597681805,191.5247025171369,190.90756339588165,190.12851200771405,1.683125822894449,192.55246025562116,3.9952106435148607,192.31841779885664,6.745669533972267
2022-03-17,195.83932139874352,3,3,17,1,76,0,192.39928735598195,189.36004706074075,187.9208114575184,188.41581960692943,189.9424000788728,191.33651597681805,191.5247025171369,190.74488613365787,2.738675219100777,192.20961932483706,3.4111406886809448,193.01624411476482,5.913637541456872
2022-03-18,198.36706587035584,4,3,18,1,77,0,195.83932139874352,192.39928735598195,189.36004706074075,187.9208114575184,188.41581960692943,189.9424000788728,191.33651597681805,191.74925040416323,3.9935034052494633,192.11209654226744,3.192002600736945,193.6748539256001,5.3246504865461475
2022-03-19,199.8071888537556,5,3,19,1,78,1,198.36706587035584,195.83932139874352,192.39928735598195,189.36004706074075,187.9208114575184,188.41581960692943,189.9424000788728,193.1585059434322,4.889650165078701,192.29340777757912,3.5584973577796895,194.24987439196784,5.004395059935236
2022-03-20,200.5793852484762,6,3,20,1,79,1,199.8071888537556,198.36706587035584,195.83932139874352,192.39928735598195,189.36004706074075,187.9208114575184,188.41581960692943,194.89615817793887,5.08088577215458,192.75194314072513,4.177299877151307,194.75142814954827,4.852312939647578
2022-03-21,202.24080059342816,0,3,21,1,80,0,200.5793852484762,199.8071888537556,198.36706587035584,195.83932139874352,192.39928735598195,189.36004706074075,187.9208114575184,196.9418709116403,4.670583967728541,193.5159253609867,4.861610253090653,195.2568997517198,4.814943540372153
2022-03-22,205.32446739032773,1,3,22,1,81,0,202.24080059342816,200.5793852484762,199.8071888537556,198.36706587035584,195.83932139874352,192.39928735598195,189.36004706074075,199.2225023872956,4.228101207433375,194.5689554860691,5.701336588936117,195.8371959243305,4.946909251423719
2022-03-23,209.6037153249756,2,3,23,1,82,0,205.32446739032773,202.24080059342816,200.5793852484762,199.8071888537556,198.36706587035584,195.83932139874352,192.39928735598195,201.68027781143752,4.5860247376693035,195.90439490957579,6.8513824473939975,196.5079690851982,5.398904927461418
2022-03-24,213.55034322668624,3,3,24,1,83,0,209.6037153249756,205.32446739032773,202.24080059342816,200.5793852484762,199.8071888537556,198.36706587035584,195.83932139874352,204.21042378685792,5.599999224937776,197.47765496025787,8.170229563975106,197.217523231246,6.166153167735398
2022-03-25,216.16889630611112,4,3,25,1,84,0,213.55034322668624,209.6037153249756,205.32446739032773,202.24080059342816,200.5793852484762,199.8071888537556,198.36706587035584,206.75354242053723,6.477499703775021,199.25139641235026,9.345452029876908,197.89130518221066,7.0626851393669
2022-03-26,216.8287434974276,5,3,26,1,85,1,216.16889630611112,213.55034322668624,209.6037153249756,205.32446739032773,202.24080059342816,200.5793852484762,199.8071888537556,209.18519308391896,6.628415958311434,201.17184951367557,10.023276424121711,198.47383143082297,7.86277603377709
2022-03-27,216.67215019800992,6,3,27,1,86,1,216.8287434974276,216.16889630611112,213.55034322668624,209.6037153249756,205.32446739032773,202.24080059342816,200.5793852484762,211.48415950528093,5.89651395289624,203.1901588416099,10.101682724577627,198.99096586758859,8.527490509739442
2022-03-28,216.69884466910028,0,3,28,1,87,0,216.67215019800992,216.8287434974276,216.16889630611112,213.55034322668624,209.6037153249756,205.32446739032773,202.24080059342816,213.54959437323404,4.481524476639758,205.24573264243716,9.674503256677752,199.5117625086959,9.11594636164544
2022-03-29,217.68967018821047,1,3,29,1,88,0,216.69884466910028,216.67215019800992,216.8287434974276,216.16889630611112,213.55034322668624,209.6037153249756,205.32446739032773,215.31605191578873,2.8328218537235603,207.26927715154216,9.038032862652651,200.10482007530712,9.701847562672155
2022-03-30,219.5148391817048,2,3,30,1,89,0,217.68967018821047,216.69884466910028,216.67215019800992,216.8287434974276,216.16889630611112,213.55034322668624,209.6037153249756,216.73192675246432,1.784908598750301,209.20610228195093,8.495417792309627,200.7923593383002,10.32362210916118
2022-03-31,220.79805258027537,3,3,31,1,90,0,219.5148391817048,217.68967018821047,216.69884466910028,216.67215019800992,216.8287434974276,216.16889630611112,213.55034322668624,217.76731380297707,1.7331144096133568,210.98886879491752,8.083432703038342,201.51502535818057,10.942632805537883
2022-04-01,220.7027714511471,4,4,1,2,91,0,220.79805258027537,219.5148391817048,217.68967018821047,216.69884466910028,216.67215019800992,216.8287434974276,216.16889630611112,218.41501025226793,1.877387884703982,212.58427633640258,7.589770129585781,202.20402331858108,11.483460862410437
2022-04-02,218.76456490734083,5,4,2,2,92,1,220.7027714511471,220.79805258027537,219.5148391817048,217.68967018821047,216.69884466910028,216.67215019800992,216.8287434974276,218.69155616796982,1.7425132401568089,213.9383746259444,6.783077301705554,202.80820566783507,11.868645703074575
2022-04-03,215.74045702450096,6,4,3,2,93,1,218.76456490734083,220.7027714511471,220.79805258027537,219.5148391817048,217.68967018821047,216.69884466910028,216.67215019800992,218.5584571431828,1.9461540099646666,215.02130832423185,5.591877750584951,203.34180807444076,12.083500120042721
2022-04-04,213.32298595774412,0,4,4,2,94,0,215.74045702450096,218.76456490734083,220.7027714511471,220.79805258027537,219.5148391817048,217.68967018821047,216.69884466910028,218.0761916129891,2.7401043858314043,215.81289299311157,4.272170148212641,203.87694655438582,12.1605211319045
2022-04-05,212.38400625891973,1,4,5,2,95,0,213.32298595774412,215.74045702450096,218.76456490734083,220.7027714511471,220.79805258027537,219.5148391817048,217.68967018821047,217.31823962309042,3.494738164532658,216.31714576943958,3.227991654923548,204.48441709086873,12.113469587733663
2022-04-06,212.5358616991088,2,4,6,2,96,0,212.38400625891973,213.32298595774412,215.74045702450096,218.76456490734083,220.7027714511471,220.79805258027537,219.5148391817048,216.3212428398624,3.7498275497761715,216.52658479616338,2.829418894135724,205.18411083051348,11.945363557547063
2022-04-07,212.6691535328205,3,4,7,2,97,0,212.5358616991088,212.38400625891973,213.32298595774412,215.74045702450096,218.76456490734083,220.7027714511471,220.79805258027537,215.15997154736883,3.3720249522043226,216.46364267517296,2.9093912229140857,205.9203477603017,11.692325536417055
2022-04-08,211.9149939605844,4,4,8,2,98,0,212.6691535328205,212.5358616991088,212.38400625891973,213.32298595774412,215.74045702450096,218.76456490734083,220.7027714511471,213.90457476300276,2.4832242089592267,216.15979250763533,3.1543623701627217,206.6205954457918,11.387297068254924
2022-04-09,209.95322999301817,5,4,9,2,99,1,211.9149939605844,212.6691535328205,212.5358616991088,212.38400625891973,213.32298595774412,215.74045702450096,218.76456490734083,212.64581263238523,1.7272647649609953,215.66868440017757,3.5523267337818973,207.2348796949878,11.036531215183032
2022-04-10,207.604755958369,6,4,10,2,100,1,209.95322999301817,211.9149939605844,212.6691535328205,212.5358616991088,212.38400625891973,213.32298595774412,215.74045702450096,211.48356962293778,2.011650574179584,215.02101338306034,4.134234537683184,207.77715436103955,10.620251639624287
2022-04-11,206.3646464153608,0,4,11,2,101,0,207.604755958369,209.95322999301817,211.9149939605844,212.6691535328205,212.5358616991088,212.38400625891973,213.32298595774412,210.48952111688303,2.5879020950432485,214.2828563649361,4.69602080367252,208.3245625722558,10.078706895162801
2022-04-12,206.9849110430437,1,4,12,2,102,0,206.3646464153608,207.604755958369,209.95322999301817,211.9149939605844,212.6691535328205,212.5358616991088,212.38400625891973,209.71822180032933,2.7298450165843526,213.5182307117099,4.962570984508437,208.94353228679293,9.358331272950709
2022-04-13,209.2353911680621,2,4,13,2,103,0,206.9849110430437,206.3646464153608,207.604755958369,209.95322999301817,211.9149939605844,212.6691535328205,212.5358616991088,209.24672601017983,2.4307130554216787,212.78398442502112,4.763549056458289,209.6540182771444,8.474625904632797
2022-04-14,211.94736355761515,3,4,14,2,104,0,209.2353911680621,206.9849110430437,206.3646464153608,207.604755958369,209.95322999301817,211.9149939605844,212.6691535328205,209.14361315657905,2.271424037090309,212.15179235197394,4.168263848232734,210.4069288270402,7.563905163703775
2022-04-15,213.87631252314603,4,4,15,2,105,0,211.94736355761515,209.2353911680621,206.9849110430437,206.3646464153608,207.604755958369,209.95322999301817,211.9149939605844,209.42380152265926,2.742400287695555,211.66418814283105,3.423826264573049,211.12282966594566,6.7761071877740715
2022-04-16,214.7698442481019,5,4,16,2,106,1,213.87631252314603,211.94736355761515,209.2353911680621,206.9849110430437,206.3646464153608,207.604755958369,209.95322999301817,210.11188927338551,3.418337341355897,211.3788509528854,2.915258651256485,211.75384709425762,6.156921618151352
2022-04-17,215.1434622968031,6,4,17,2,107,1,214.7698442481019,213.87631252314603,211.94736355761515,209.2353911680621,206.9849110430437,206.3646464153608,207.604755958369,211.18884732173325,3.674740812657322,211.33620847233556,2.850192473381555,212.3130603084725,5.639224780624488
2022-04-18,216.65599386480207,0,4,18,2,108,0,215.1434622968031,214.7698442481019,213.87631252314603,211.94736355761515,209.2353911680621,206.9849110430437,206.3646464153608,212.6590398145106,3.4763207422710694,211.57428046569683,3.1521189304024766,212.87468714217408,5.170294254577695
2022-04-19,219.6575206846749,1,4,19,2,109,0,216.65599386480207,215.1434622968031,214.7698442481019,213.87631252314603,211.94736355761515,209.2353911680621,206.9849110430437,214.4694126204579,3.3253993423881085,212.0938172103936,3.8237150414671826,213.51062499004735,4.763098859102891
2022-04-20,223.99752681451736,2,4,20,2,110,0,219.6575206846749,216.65599386480207,215.1434622968031,214.7698442481019,213.87631252314603,211.94736355761515,209.2353911680621,216.57828914138008,4.05397218756997,212.91250757577996,4.978335384029806,214.235849197417,4.642806356010101
2022-04-21,228.36752084772192,3,4,21,2,111,0,223.99752681451736,219.6575206846749,216.65599386480207,215.1434622968031,214.7698442481019,213.87631252314603,211.94736355761515,218.92402589710963,5.4410674344703205,214.03381952684433,6.465203600278815,215.0039509793301,5.00932193918566
2022-04-22,231.3450861540436,4,4,22,2,112,0,228.36752084772192,223.99752681451736,219.6575206846749,216.65599386480207,215.1434622968031,214.7698442481019,213.87631252314603,221.41956498723786,6.618668157906344,215.42168325494853,7.901359955867731,215.72866334029908,5.722971846482361
2022-04-23,232.843740488469,5,4,23,2,113,1,231.3450861540436,228.36752084772192,223.99752681451736,219.6575206846749,216.65599386480207,215.1434622968031,214.7698442481019,224.00155016443316,7.100083061656541,217.0567197189093,8.977778707666836,216.3717765823585,6.5009090714971345
2022-04-24,233.34800338694947,6,4,24,2,114,1,232.843740488469,231.3450861540436,228.36752084772192,223.99752681451736,219.6575206846749,216.65599386480207,215.1434622968031,226.60219889159688,6.633424548575514,218.89552310666505,9.513295032371733,216.9444134850531,7.201308476325996
2022-04-25,234.2100207766812,0,4,25,2,115,0,233.34800338694947,232.843740488469,231.3450861540436,228.36752084772192,223.99752681451736,219.6575206846749,216.65599386480207,229.10991702186533,5.461155788900452,220.88447841818794,9.602339193547849,217.5237893943616,7.860692238620637
2022-04-26,236.1373606302107,1,4,26,2,116,0,234.2100207766812,233.34800338694947,232.843740488469,231.3450861540436,228.36752084772192,223.99752681451736,219.6575206846749,231.4641798712276,4.086249859993234,222.96679624584274,9.516834116876078,218.17262974210158,8.56020045399482
2022-04-27,238.9469839606783,2,4,27,2,117,0,236.1373606302107,234.2100207766812,233.34800338694947,232.843740488469,231.3450861540436,228.36752084772192,223.99752681451736,233.59981660639343,3.378842672411458,225.08905287388674,9.532014881695213,218.91423438515417,9.354947704242418
2022-04-28,241.06099491940617,3,4,28,2,118,0,238.9469839606783,236.1373606302107,234.2100207766812,233.34800338694947,232.843740488469,231.3450861540436,228.36752084772192,235.4131700452055,3.5065171439156164,227.16859797115757,9.619798596248561,219.69327854286072,10.185704147825016
2022-04-29,241.7248711395652,4,4,29,2,119,0,241.06099491940617,238.9469839606783,236.1373606302107,234.2100207766812,233.34800338694947,232.843740488469,231.3450861540436,236.89599647170857,3.689417740070904,229.1577807294732,9.53871136635892,220.43361294145606,10.950712276806826
2022-04-30,240.49686448975856,5,4,30,2,120,1,241.7248711395652,241.06099491940617,238.9469839606783,236.1373606302107,234.2100207766812,233.34800338694947,232.843740488469,237.98929990046423,3.411966802859904,230.99542503244865,9.017573360475838,221.09024000510547,11.547639488793939
2022-05-01,238.24690692058084,6,5,1,2,121,1,240.49686448975856,241.7248711395652,241.06099491940617,238.9469839606783,236.1373606302107,234.2100207766812,233.34800338694947,238.6891432624116,2.736949875150644,232.6456710770042,7.943497969776332,221.67504452075326,11.964073451817496
2022-05-02,236.3201273421957,0,5,2,2,122,0,238.24690692058084,240.49686448975856,241.7248711395652,241.06099491940617,238.9469839606783,236.1373606302107,234.2100207766812,238.99058705748504,2.2308065571097977,234.0502520396752,6.5073985343934515,222.26022993524845,12.242896396997374
2022-05-03,235.7021542923774,1,5,3,2,123,0,236.3201273421957,238.24690692058084,240.49686448975856,241.7248711395652,241.06099491940617,238.9469839606783,236.1373606302107,238.92841472350887,2.32754586718204,235.19629729736826,5.0206592644658965,222.92561984417765,12.417538255015799
2022-05-04,236.00614212057692,2,5,4,2,124,0,235.7021542923774,236.3201273421957,238.24690692058084,240.49686448975856,241.7248711395652,241.06099491940617,238.9469839606783,238.50829446063727,2.575805494900866,236.05405553351534,3.849417063509337,223.68172504960543,12.502966635748951
2022-05-05,236.1101256502484,3,5,5,2,125,0,236.00614212057692,235.7021542923774,236.3201273421957,238.24690692058084,240.49686448975856,241.7248711395652,241.06099491940617,237.80102742218614,2.4338580844185898,236.60709873369584,3.153416778417175,224.47259569598302,12.514079610420735
2022-05-06,235.12512113753104,4,5,6,2,126,0,236.1101256502484,236.00614212057692,235.7021542923774,236.3201273421957,238.24690692058084,240.49686448975856,241.7248711395652,236.8582059933241,1.8745457338305,236.87710123251637,2.811505868544503,225.2255710105971,12.450515833962314
2022-05-07,232.8429718252968,5,5,7,2,127,1,235.12512113753104,236.1101256502484,236.00614212057692,235.7021542923774,236.3201273421957,238.24690692058084,240.49686448975856,235.76479275554385,1.6122930078971307,236.87704632800407,2.811590699169733,225.89803162034636,12.292750973735936
2022-05-08,229.9707688466259,6,5,8,2,128,1,232.8429718252968,235.12512113753104,236.1101256502484,236.00614212057692,235.7021542923774,236.3201273421957,238.24690692058084,234.58248731640742,2.3530771247043885,236.63581528940952,3.248589991765615,226.4998907832144,12.023590147947017
2022-05-09,228.12134251175027,0,5,9,2,129,0,229.9707688466259,232.8429718252968,235.12512113753104,236.1101256502484,236.00614212057692,235.7021542923774,236.3201273421957,233.41123234062954,3.2235064636815807,236.20090969905732,3.9336531034537,227.1054945338388,11.611928062672117
2022-05-10,227.9862291482621,1,5,10,2,130,0,228.12134251175027,229.9707688466259,232.8429718252968,235.12512113753104,236.1101256502484,236.00614212057692,235.7021542923774,232.30895732004163,3.6060880981449785,235.61868602177523,4.505452286013515,227.78487697350187,11.01240585718897
2022-05-11,229.34464763129856,2,5,11,2,131,0,227.9862291482621,228.12134251175027,229.9707688466259,232.8429718252968,235.12512113753104,236.1101256502484,236.00614212057692,231.3573152501447,3.336710613428126,234.932804855391,4.6870380415119435,228.55087701403315,10.24345598607032
2022-05-12,231.3598192713199,3,5,12,2,132,0,229.34464763129856,227.9862291482621,228.12134251175027,229.9707688466259,232.8429718252968,235.12512113753104,236.1101256502484,230.67870005315493,2.6137136982422686,234.23986373767053,4.420906640916052,229.36337395497569,9.406377249046312
2022-05-13,232.4934307543357,4,5,13,2,133,0,231.3598192713199,229.34464763129856,227.9862291482621,228.12134251175027,229.9707688466259,232.8429718252968,235.12512113753104,230.30274428412704,1.979990894534747,233.5804751387256,3.873132181869668,230.1386419411848,8.61544004234422
2022-05-14,232.46256288075944,5,5,14,2,134,1,232.4934307543357,231.3598192713199,229.34464763129856,227.9862291482621,228.12134251175027,229.9707688466259,232.8429718252968,230.24840014919315,1.9023481572814647,233.0065964523685,3.326092179042166,230.82248191862297,7.906778611738259
2022-05-15,232.3275934059236,6,5,15,2,135,1,232.46256288075944,232.4934307543357,231.3598192713199,229.34464763129856,227.9862291482621,228.12134251175027,229.9707688466259,230.58508937194998,2.048007938570887,232.58378834417869,2.965377352692808,231.43752461471553,7.231973237440729
2022-05-16,233.2489891903986,0,5,16,2,136,0,232.3275934059236,232.46256288075944,232.4934307543357,231.3598192713199,229.34464763129856,227.9862291482621,228.12134251175027,231.31761032604257,1.9337452483452737,232.36442133333603,2.7752141099893253,232.05349611279206,6.514781280412518
2022-05-17,235.9342073516385,1,5,17,2,137,0,233.2489891903986,232.3275934059236,232.46256288075944,232.4934307543357,231.3598192713199,229.34464763129856,227.9862291482621,232.45303578366776,1.9843871795129215,232.3809965518547,2.7972876727303784,232.7465209479533,5.710036693564395
2022-05-18,240.06956078287527,2,5,18,2,138,0,235.9342073516385,233.2489891903986,232.3275934059236,232.46256288075944,232.4934307543357,231.3598192713199,229.34464763129856,233.985166233893,3.04259113836378,232.67124074201888,3.357146156316125,233.5269731785557,4.989574414497268
2022-05-19,244.4360562836968,3,5,19,2,139,0,240.06956078287527,235.9342073516385,233.2489891903986,232.3275934059236,232.46256288075944,232.4934307543357,231.3598192713199,235.85320009280397,4.716035900422163,233.26595007297945,4.541679126747133,234.35292436518975,4.654105540681114
2022-05-20,247.54100846298897,4,5,20,2,140,0,244.4360562836968,240.06956078287527,235.9342073516385,233.2489891903986,232.3275934059236,232.46256288075944,232.4934307543357,238.00285405118302,6.142959346404213,234.15279916765505,5.932043345781723,235.1377070868055,4.829417896185538
2022-05-21,249.25796952418588,5,5,21,2,141,1,247.54100846298897,244.4360562836968,240.06956078287527,235.9342073516385,233.2489891903986,232.3275934059236,232.46256288075944,240.40219785738677,6.856876601198942,235.32529900328996,7.150377822508937,235.83405537602096,5.302486081386857
2022-05-22,250.2346329911221,6,5,22,2,142,1,249.25796952418588,247.54100846298897,244.4360562836968,240.06956078287527,235.9342073516385,233.2489891903986,232.3275934059236,242.960346369558,6.68043433323096,236.77271787075395,7.985321565375108,236.46370693725692,5.844851430138669
2022-05-23,251.750450196564,0,5,23,2,143,0,250.2346329911221,249.25796952418588,247.54100846298897,244.4360562836968,240.06956078287527,235.9342073516385,233.2489891903986,245.60341222758163,5.79977161048951,238.46051127681207,8.496853736311618,237.0939305941934,6.430989803219219
2022-05-24,254.48212894119413,1,5,24,2,144,0,251.750450196564,250.2346329911221,249.25796952418588,247.54100846298897,244.4360562836968,240.06956078287527,235.9342073516385,248.25311531180387,4.796104441955884,240.35307554773584,8.924431710468625,237.79840144600158,7.126445071377429
2022-05-25,258.12498193102,2,5,25,2,145,0,254.48212894119413,251.750450196564,250.2346329911221,249.25796952418588,247.54100846298897,244.4360562836968,240.06956078287527,250.83246119011028,4.507913719393525,242.40881371200163,9.490406481191648,238.59556681781288,7.995752279181312
2022-05-26,261.1843475629358,3,5,26,2,146,0,258.12498193102,254.48212894119413,251.750450196564,250.2346329911221,249.25796952418588,247.54100846298897,244.4360562836968,253.22507423000155,4.968284282115015,244.53913716140278,10.144290165740328,239.43046638223706,8.977612193483962
2022-05-27,262.80526417562834,4,5,27,2,147,0,261.1843475629358,258.12498193102,254.48212894119413,251.750450196564,250.2346329911221,249.25796952418588,247.54100846298897,255.40568218895007,5.389637750715387,246.7042681200665,10.60010654107495,240.22574238940203,9.938607407833032
2022-05-28,262.4761652871144,5,5,28,2,148,1,262.80526417562834,261.1843475629358,258.12498193102,254.48212894119413,251.750450196564,250.2346329911221,249.25796952418588,257.2939958693684,5.188551995289779,248.84809686337758,10.53306848221491,240.93958140165896,10.737620437732556
2022-05-29,261.1332173483891,6,5,29,2,149,1,262.4761652871144,262.80526417562834,261.1843475629358,258.12498193102,254.48212894119413,251.750450196564,250.2346329911221,258.8509364918351,4.271280047244858,250.90564143069656,9.84893671440188,241.58652627528642,11.35357821459183
2022-05-30,260.0367448347744,0,5,30,2,150,0,261.1332173483891,262.4761652871144,262.80526417562834,261.1843475629358,258.12498193102,254.48212894119413,251.750450196564,260.03469286872235,2.9052619253707346,252.81905254815197,8.688559670116684,242.23785562012029,11.839013115023942
2022-05-31,259.81224185119186,1,5,31,2,151,0,260.0367448347744,261.1332173483891,262.4761652871144,262.80526417562834,261.1843475629358,258.12498193102,254.48212894119413,260.79613757015056,1.6229198574705144,254.52462644097722,7.361358810075612,242.95670011780734,12.236370281219774
2022-06-01,260.59738055079873,2,6,1,2,152,0,259.81224185119186,260.0367448347744,261.1332173483891,262.4761652871144,262.80526417562834,261.1843475629358,258.12498193102,261.14933737297605,1.1426864823667664,255.99089928154316,6.215952681456481,243.76594189142742,12.58027645192955
2022-06-02,261.20223743954745,3,6,2,2,153,0,260.59738055079873,259.81224185119186,260.0367448347744,261.1332173483891,262.4761652871144,262.80526417562834,261.1843475629358,261.1518930696349,1.1427978360473297,257.18848364981824,5.377013846848786,244.6159446629998,12.87467696715694
2022-06-03,260.35906730702266,4,6,3,2,154,0,261.20223743954745,260.59738055079873,259.81224185119186,260.0367448347744,261.1332173483891,262.4761652871144,262.80526417562834,260.8024363741198,0.9014819434217811,258.1040592815349,4.650082991343578,245.42770883588128,13.079215258865707
2022-06-04,258.035102844522,5,6,4,2,155,1,260.35906730702266,261.20223743954745,260.59738055079873,259.81224185119186,260.0367448347744,261.1332173483891,262.4761652871144,260.1679988823209,1.0735616764409426,258.73099737584465,3.8962631555094775,246.15854140902374,13.152967177518597
2022-06-05,254.9383120228537,6,6,5,2,156,1,258.035102844522,260.35906730702266,261.20223743954745,260.59738055079873,259.81224185119186,260.0367448347744,261.1332173483891,259.2830124072444,2.154482868041464,259.06697444953977,3.257738616478931,246.81898110520117,13.077063907769901
2022-06-06,252.6038131403388,0,6,6,2,157,0,254.9383120228537,258.035102844522,260.35906730702266,261.20223743954745,260.59738055079873,259.81224185119186,260.0367448347744,258.221165022325,3.266030459258087,259.12792894552365,3.115175044706593,247.47767581570255,12.844423850681284
2022-06-07,252.01201725367392,1,6,7,2,158,0,252.6038131403388,254.9383120228537,258.035102844522,260.35906730702266,261.20223743954745,260.59738055079873,259.81224185119186,257.1068472226796,3.9015336982643642,258.95149239641506,3.4504517632091782,248.2123840959375,12.432260690698861
2022-06-08,252.8349869242552,2,6,8,2,159,0,252.01201725367392,252.6038131403388,254.9383120228537,258.035102844522,260.35906730702266,261.20223743954745,260.59738055079873,255.99793384745908,3.8468371547394002,258.5736356102176,3.818000734802005,249.03617224302099,11.860731744879775
2022-06-09,253.9444330361515,3,6,9,2,160,0,252.8349869242552,252.01201725367392,252.6038131403388,254.9383120228537,258.035102844522,260.35906730702266,261.20223743954745,254.96110464697398,3.119720146024602,258.05649885830445,3.9259722816480953,249.90144570595066,11.200618429581374
2022-06-10,254.25565436296745,4,6,10,2,161,0,253.9444330361515,252.8349869242552,252.01201725367392,252.6038131403388,254.9383120228537,258.035102844522,260.35906730702266,254.08918851210893,2.017998915482528,257.4458124431144,3.793180874456451,250.73181259700627,10.527228494818182
2022-06-11,253.55988225903187,5,6,11,2,162,1,254.25565436296745,253.9444330361515,252.8349869242552,252.01201725367392,252.6038131403388,254.9383120228537,258.035102844522,253.44987128561033,1.023291854380797,256.80893508396565,3.6285650880259195,251.47181469659665,9.878833892272317
2022-06-12,252.6244783476045,6,6,12,2,163,1,253.55988225903187,254.25565436296745,253.9444330361515,252.8349869242552,252.01201725367392,252.6038131403388,254.9383120228537,253.11932361771758,0.814835634144765,256.201168012481,3.5605015794673704,252.1428496163723,9.206051895521249
2022-06-13,252.7846869622366,0,6,13,2,164,0,252.6244783476045,253.55988225903187,254.25565436296745,253.9444330361515,252.8349869242552,252.01201725367392,252.6038131403388,253.1451627351316,0.7984672486516045,255.6831638787283,3.4863175052552875,252.82025375242154,8.422306858747797
2022-06-14,254.78351849159907,1,6,14,2,165,0,252.7846869622366,252.6244783476045,253.55988225903187,254.25565436296745,253.9444330361515,252.8349869242552,252.01201725367392,253.54109148340657,0.8294750920152405,255.3239693530431,3.2811948308597794,253.56878458861075,7.483818543667694
2022-06-15,258.3361958412102,2,6,15,2,166,0,254.78351849159907,252.7846869622366,252.6244783476045,253.55988225903187,254.25565436296745,253.9444330361515,252.8349869242552,254.32697847154304,1.9278350213195674,255.16245615950106,3.0490924920572655,254.40502481030444,6.467621887783245
2022-06-16,262.2721461263327,3,6,16,2,167,0,258.3361958412102,254.78351849159907,252.7846869622366,252.6244783476045,253.55988225903187,254.25565436296745,253.9444330361515,255.51665177014033,3.544276545064416,255.23887820855717,3.220696463452973,255.28295610279423,5.603790137337851
2022-06-17,265.3268148419311,4,6,17,2,168,0,262.2721461263327,258.3361958412102,254.78351849159907,252.7846869622366,252.6244783476045,253.55988225903187,254.25565436296745,257.098246124278,5.041667672082094,255.59371731819348,4.006100081594962,256.12486457142944,5.115355039827751
2022-06-18,266.9388037865083,5,6,18,2,169,1,265.3268148419311,262.2721461263327,258.3361958412102,254.78351849159907,252.7846869622366,252.6244783476045,253.55988225903187,259.0095206282032,5.933748704790489,256.22969595690677,5.005558082384283,256.8749561548565,4.990586928979944
2022-06-19,268.15066618720846,6,6,19,2,170,1,266.9388037865083,265.3268148419311,262.2721461263327,258.3361958412102,254.78351849159907,252.7846869622366,252.6244783476045,261.22754746243237,6.049938265442243,257.173435540075,5.9075947823670925,257.5619447456638,5.079143412975652
2022-06-20,269.92059414319743,0,6,20,2,171,0,268.15066618720846,266.9388037865083,265.3268148419311,262.2721461263327,258.3361958412102,254.78351849159907,252.7846869622366,263.67553420256957,5.506802031774667,258.4103484688506,6.644170624483458,258.2506988996309,5.309984019690484
2022-06-21,273.1291407069687,1,6,21,2,172,0,269.92059414319743,268.15066618720846,266.9388037865083,265.3268148419311,262.2721461263327,258.3361958412102,254.78351849159907,266.2963373761939,4.901898940115879,259.9187144298002,7.430378886363394,259.01384915682576,5.745525236050704
2022-06-22,277.38077511605485,2,6,22,2,173,0,273.1291407069687,269.92059414319743,268.15066618720846,266.9388037865083,265.3268148419311,262.2721461263327,258.3361958412102,269.01699155831454,5.030885803641611,261.67198501492874,8.455520976289064,259.86819332080876,6.486087586265971
2022-06-23,281.26066617311074,3,6,23,2,174,0,277.38077511605485,273.1291407069687,269.92059414319743,268.15066618720846,266.9388037865083,265.3268148419311,262.2721461263327,271.7296372792828,5.841865745561023,263.62314452471156,9.608285273344595,260.76081122853935,7.485009931313023
2022-06-24,283.6874316896158,4,6,24,2,175,0,281.26066617311074,277.38077511605485,273.1291407069687,269.92059414319743,268.15066618720846,266.9388037865083,265.3268148419311,274.35258254323776,6.565036066498527,265.72541433375784,10.572464625062565,261.6128928871592,8.553355606035533
2022-06-25,284.2063398341378,5,6,25,2,176,1,283.6874316896158,281.26066617311074,277.38077511605485,273.1291407069687,269.92059414319743,268.15066618720846,266.9388037865083,276.8193734071848,6.559156557256624,267.914447017694,11.022911267820659,262.38029262953256,9.494553782779839
2022-06-26,283.8337641537491,6,6,26,2,177,1,284.2063398341378,283.6874316896158,281.26066617311074,277.38077511605485,273.1291407069687,269.92059414319743,268.15066618720846,279.05981597383345,5.730813218532866,270.1436817181329,10.84729012557165,263.0812426288033,10.271455101345811
2022-06-27,283.5716373383762,0,6,27,2,178,0,283.8337641537491,284.2063398341378,283.6874316896158,281.26066617311074,277.38077511605485,273.1291407069687,269.92059414319743,281.0099650017162,4.2281380577737355,272.3427496021429,10.156092674136424,263.784425030512,10.929613519892687
2022-06-28,284.4260649341808,1,6,28,2,179,0,283.5716373383762,283.8337641537491,284.2063398341378,283.6874316896158,281.26066617311074,277.38077511605485,273.1291407069687,282.62381131988934,2.536196503516622,274.4600743480416,9.264563812967275,264.5608532833717,11.544815629889714
2022-06-29,285.84486512609686,2,6,29,2,180,0,284.4260649341808,283.5716373383762,283.8337641537491,284.2063398341378,283.6874316896158,281.26066617311074,277.38077511605485,283.8329670356096,1.3690089116125976,276.4249792969621,8.464404822186006,265.42112395974914,12.142174865807787
2022-06-30,287.03706873609326,3,6,30,2,181,0,285.84486512609686,284.4260649341808,283.5716373383762,283.8337641537491,284.2063398341378,283.6874316896158,281.26066617311074,284.65816740174995,1.2992279034314047,278.19390234051633,7.844186726252949,266.3286181892459,12.712501368735483
2022-07-01,286.704177531474,4,7,1,3,182,0,287.03706873609326,285.84486512609686,284.4260649341808,283.5716373383762,283.8337641537491,284.2063398341378,283.6874316896158,285.089131093444,1.418431091825173,279.72085681834085,7.20110586378603,267.19884475526834,13.191194222958908
2022-07-02,284.71300657298127,5,7,2,3,183,1,286.704177531474,287.03706873609326,285.84486512609686,284.4260649341808,283.5716373383762,283.8337641537491,284.2063398341378,285.1615120561359,1.3782329746576658,280.9904427316604,6.282465437077033,267.98253705971615,13.517015970739354
2022-07-03,281.7425846533232,6,7,3,3,184,1,284.71300657298127,286.704177531474,287.03706873609326,285.84486512609686,284.4260649341808,283.5716373383762,283.8337641537491,284.86277212750366,1.8573542147052484,281.9612940506686,5.080974765451848,268.6953209712595,13.664151049767375
2022-07-04,279.4390952519249,0,7,4,3,185,0,281.7425846533232,284.71300657298127,286.704177531474,287.03706873609326,285.84486512609686,284.4260649341808,283.5716373383762,284.2724089722963,2.76911927319591,282.6411869870062,3.8282696455078655,269.4087873848396,13.64712815437987
2022-07-05,278.6036149523724,1,7,5,3,186,0,279.4390952519249,281.7425846533232,284.71300657298127,286.704177531474,287.03706873609326,285.84486512609686,284.4260649341808,283.44063040346657,3.4946806164956876,283.03222086167796,2.963959005849453,270.1976308158236,13.464590953793794
2022-07-06,279.0009640253999,2,7,6,3,187,0,278.6036149523724,279.4390952519249,281.7425846533232,284.71300657298127,286.704177531474,287.03706873609326,285.84486512609686,282.4629302462241,3.6632354877575595,283.1479486409169,2.750250067630485,271.0775358453256,13.133650313824594
2022-07-07,279.5674887612838,3,7,7,3,188,0,279.0009640253999,278.6036149523724,279.4390952519249,281.7425846533232,284.71300657298127,286.704177531474,287.03706873609326,281.3958473926799,3.162434273006479,283.02700739721496,2.8740679225272183,271.9960515622459,12.711067013580914
2022-07-08,279.2791120692348,4,7,8,3,189,0,279.5674887612838,279.0009640253999,278.6036149523724,279.4390952519249,281.7425846533232,284.71300657298127,286.704177531474,280.33512375521724,2.1768555421411837,282.7121274243306,3.0332253851668938,272.8775224004119,12.24484741913595
2022-07-09,277.86119502788364,5,7,9,3,190,1,279.2791120692348,279.5674887612838,279.0009640253999,278.6036149523724,279.4390952519249,281.7425846533232,284.71300657298127,279.356293534489,1.2027680216126315,282.25890279531245,3.258468606478397,273.6747478001363,11.737738181731517
2022-07-10,276.0213415938428,6,7,10,3,191,1,277.86119502788364,279.2791120692348,279.5674887612838,279.0009640253999,278.6036149523724,279.4390952519249,281.7425846533232,278.53897309742035,1.2537500912281851,281.700872612462,3.6172284697035835,274.4002707078322,11.154207863629985
2022-07-11,275.415573705661,0,7,11,3,192,0,276.0213415938428,277.86119502788364,279.2791120692348,279.5674887612838,279.0009640253999,278.6036149523724,279.4390952519249,277.9641843050969,1.636259174890385,281.1182966386966,3.9355396306912027,275.12879375605314,10.436773370806547
2022-07-12,276.61511204063413,1,7,12,3,193,0,275.415573705661,276.0213415938428,277.86119502788364,279.2791120692348,279.5674887612838,279.0009640253999,278.6036149523724,277.6801124605629,1.6788046966292836,280.5603714320147,3.983905614823985,275.9284815458208,9.53295703774409
2022-07-13,279.5651871684948,2,7,13,3,194,0,276.61511204063413,275.415573705661,276.0213415938428,277.86119502788364,279.2791120692348,279.5674887612838,279.0009640253999,277.7607157667193,1.764166035456776,280.1118230064717,3.6854947457932488,276.8211648860294,8.487566403788854
2022-07-14,282.70224958185247,3,7,14,3,195,0,279.5651871684948,276.61511204063413,275.415573705661,276.0213415938428,277.86119502788364,279.2791120692348,279.5674887612838,278.2085387410863,2.530619182518228,279.8021930668831,3.2103968291791842,277.75178925570447,7.455782683707568
2022-07-15,285.22646147722605,4,7,15,3,196,0,282.70224958185247,279.5651871684948,276.61511204063413,275.415573705661,276.0213415938428,277.86119502788364,279.2791120692348,279.058160085085,3.6850218896638416,279.6966419201511,2.982200336668952,278.6481314435717,6.609488333848888
2022-07-16,286.60777554906366,5,7,16,3,197,1,285.22646147722605,282.70224958185247,279.5651871684948,276.61511204063413,275.415573705661,276.0213415938428,277.86119502788364,280.30767158811074,4.584599824343748,279.83198256129987,3.2576437861039196,279.4593190909961,5.995161906355027
2022-07-17,287.6071422924687,6,7,17,3,198,1,286.60777554906366,285.22646147722605,282.70224958185247,279.5651871684948,276.61511204063413,275.415573705661,276.0213415938428,281.9627859736287,4.862186676044223,280.2508795355245,3.8461291482354163,280.20199667268065,5.5473798384257895
2022-07-18,289.2987397544049,0,7,18,3,199,0,287.6071422924687,286.60777554906366,285.22646147722605,282.70224958185247,279.5651871684948,276.61511204063413,275.415573705661,283.94609540916355,4.569113167207489,280.95513985713023,4.528255284092409,280.9473278716105,5.194832181277834
2022-07-19,292.608577058729,1,7,19,3,200,0,289.2987397544049,287.6071422924687,286.60777554906366,285.22646147722605,282.70224958185247,279.5651871684948,276.61511204063413,286.2308761260342,4.282026029786216,281.95549429329856,5.426638357323593,281.76259156732795,5.033997163733883
2022-07-20,297.24417476164973,2,7,20,3,201,0,292.608577058729,289.2987397544049,287.6071422924687,286.60777554906366,285.22646147722605,282.70224958185247,279.5651871684948,288.7564457821992,4.868714828031968,283.25858077445923,6.702876938422784,282.673377587943,5.283198077441961
2022-07-21,301.50262870067303,3,7,21,3,202,0,297.24417476164973,292.608577058729,289.2987397544049,287.6071422924687,286.60777554906366,285.22646147722605,282.70224958185247,291.442214227745,6.021416317576458,284.82537648441564,8.175594598941995,283.6191605210665,6.005934866411028
2022-07-22,304.5367680494573,4,7,22,3,203,0,301.50262870067303,297.24417476164973,292.608577058729,289.2987397544049,287.6071422924687,286.60777554906366,285.22646147722605,294.20082945234947,7.036888264112745,286.6294947687172,9.531868091569347,284.52436028551324,6.997816429901249
2022-07-23,306.01721645551186,5,7,23,3,204,1,304.5367680494573,301.50262870067303,297.24417476164973,292.608577058729,289.2987397544049,287.6071422924687,286.60777554906366,296.9736067246992,7.362758272385923,288.640639156405,10.464259569828505,285.3495786282599,7.989163385702505
2022-07-24,306.3423838483915,6,7,24,3,205,1,306.01721645551186,304.5367680494573,301.50262870067303,297.24417476164973,292.608577058729,289.2987397544049,287.6071422924687,299.65006980411675,6.772006137897144,290.80642788887275,10.784410368596925,286.1047437002191,8.850875909289442
2022-07-25,306.9656476977313,0,7,25,3,206,0,306.3423838483915,306.01721645551186,304.5367680494573,301.50262870067303,297.24417476164973,292.608577058729,289.2987397544049,302.1739137960205,5.430462371988288,293.060004602592,10.615978781119635,286.8633872956722,9.624160154482231
2022-07-26,308.7559738111116,1,7,26,3,207,0,306.9656476977313,306.3423838483915,306.01721645551186,304.5367680494573,301.50262870067303,297.24417476164973,292.608577058729,304.4806847606466,3.905530920017237,295.35578044334045,10.25530937658191,287.6941276175843,10.398130046037606
2022-07-27,311.1814089893712,2,7,27,3,208,0,308.7559738111116,306.9656476977313,306.3423838483915,306.01721645551186,304.5367680494573,301.50262870067303,297.24417476164973,306.47171822174965,3.0632814411038582,297.61408200197445,9.988210493497744,288.6144533392841,11.210770102265501
2022-07-28,313.15702419635085,3,7,28,3,209,0,311.1814089893712,308.7559738111116,306.9656476977313,306.3423838483915,306.01721645551186,304.5367680494573,301.50262870067303,308.13663186398935,3.0795038122294827,299.78942304586724,9.805443229074863,289.5721519813564,12.037354515840834
2022-07-29,313.54609464227445,4,7,29,3,210,0,313.15702419635085,311.1814089893712,308.7559738111116,306.9656476977313,306.3423838483915,306.01721645551186,304.5367680494573,309.4236785201061,3.2043695890282913,301.8122539862278,9.48597204587942,290.49552629856237,12.78107148923928
2022-07-30,312.23383859942334,5,7,30,3,211,1,313.54609464227445,313.15702419635085,311.1814089893712,308.7559738111116,306.9656476977313,306.3423838483915,306.01721645551186,310.3117673978077,2.9546576132585374,303.64268706125347,8.77195759851285,291.33541862734006,13.360710004929004
2022-07-31,309.8265951035875,6,7,31,3,212,1,312.23383859942334,313.54609464227445,313.15702419635085,311.1814089893712,308.7559738111116,306.9656476977313,306.3423838483915,310.80951186283573,2.4195436620348594,305.2297908334763,7.576032890750199,292.10616587974386,13.745723167857106
2022-08-01,307.7915518132054,0,8,1,3,213,0,309.8265951035875,312.23383859942334,313.54609464227445,313.15702419635085,311.1814089893712,308.7559738111116,306.9656476977313,310.92749816504636,2.212106649168891,306.55070598053345,6.041448896361994,292.87545072108463,13.961796160936272
2022-08-02,307.18378579304385,1,8,2,3,214,0,307.7915518132054,309.8265951035875,312.23383859942334,313.54609464227445,313.15702419635085,311.1814089893712,308.7559738111116,310.70289987675096,2.5267650111885644,307.59179231869877,4.517761038928448,293.72349075907533,14.034727123637726
2022-08-03,307.42149576168384,2,8,3,3,215,0,307.18378579304385,307.7915518132054,309.8265951035875,312.23383859942334,313.54609464227445,313.15702419635085,311.1814089893712,310.1657694156528,2.793633434568808,308.3187438187012,3.406888220452711,294.656237442734,13.982408026522558
2022-08-04,307.7842697982122,3,8,4,3,216,0,307.42149576168384,307.18378579304385,307.7915518132054,309.8265951035875,312.23383859942334,313.54609464227445,313.15702419635085,309.3982330730615,2.563411711140671,308.76743246852544,2.799687779573335,295.62892593759534,13.841465875444909
2022-08-05,307.1268939901116,4,8,5,3,217,0,307.7842697982122,307.42149576168384,307.18378579304385,307.7915518132054,309.8265951035875,312.23383859942334,313.54609464227445,308.48120440846685,1.8927102364706874,308.9524414642865,2.575191107074312,296.566456936419,13.627234863370914
2022-08-06,305.1716356544929,5,8,6,3,218,1,307.1268939901116,307.7842697982122,307.42149576168384,307.18378579304385,307.7915518132054,309.8265951035875,312.23383859942334,307.4723182734768,1.368705931891318,308.89204283564226,2.657916982147635,297.41992849952595,13.324305171898366
2022-08-07,302.8039512394574,6,8,7,3,219,1,305.1716356544929,307.1268939901116,307.7842697982122,307.42149576168384,307.18378579304385,307.7915518132054,309.8265951035875,306.4690834357439,1.8459778782534135,308.6392976492898,3.0572558260256884,298.20408980520006,12.905528556838082
2022-08-08,301.3778283348991,0,8,8,3,220,0,302.8039512394574,305.1716356544929,307.1268939901116,307.7842697982122,307.42149576168384,307.18378579304385,307.7915518132054,305.55283722455727,2.5410369280375864,308.24016769480187,3.6077495411373697,298.9879775821006,12.328593341385295
2022-08-09,301.85437464193814,1,8,9,3,221,0,301.3778283348991,302.8039512394574,305.1716356544929,307.1268939901116,307.7842697982122,307.42149576168384,307.18378579304385,304.7914927743993,2.759901165422043,307.74719632557515,3.9837761748081983,299.84907868370374,11.546513445718062
2022-08-10,303.8162040751076,2,8,10,3,222,0,301.85437464193814,301.3778283348991,302.8039512394574,305.1716356544929,307.1268939901116,307.7842697982122,307.42149576168384,304.27645110488845,2.512625570391197,307.22111026027056,3.981691713543956,300.79576636268536,10.599597587230267
2022-08-11,306.429632241457,3,8,11,3,223,0,303.8162040751076,301.85437464193814,301.3778283348991,302.8039512394574,305.1716356544929,307.1268939901116,307.7842697982122,304.0829314539234,2.2341654510643814,306.74058226349246,3.5976376729978248,301.7895837027128,9.60531249462504
2022-08-12,308.0911831024925,4,8,12,3,224,0,306.429632241457,303.8162040751076,301.85437464193814,301.3778283348991,302.8039512394574,305.1716356544929,307.1268939901116,304.2206870414064,2.4703747596851757,306.3509457249366,3.0589421220455506,302.740450233846,8.698515042407832
2022-08-13,308.83837823197024,5,8,13,3,225,1,308.0911831024925,306.429632241457,303.8162040751076,301.85437464193814,301.3778283348991,302.8039512394574,305.1716356544929,304.74450740961737,3.030801954910771,306.10841284154714,2.6659971563451994,303.61165452218324,7.894009268245228
2022-08-14,309.21392053431,6,8,14,3,226,1,308.83837823197024,308.0911831024925,306.429632241457,303.8162040751076,301.85437464193814,301.3778283348991,302.8039512394574,305.6602173088821,3.3028973652358147,306.06465037231294,2.604589402653562,304.4112364907527,7.147066456134183
2022-08-15,310.61412931366925,0,8,15,3,227,0,309.21392053431,308.83837823197024,308.0911831024925,306.429632241457,303.8162040751076,301.85437464193814,301.3778283348991,306.97968887727785,3.148283614917151,306.26626305091753,2.8465501397338806,305.2114482829063,6.38867181551645
2022-08-16,313.7414589683174,1,8,16,3,228,0,310.61412931366925,309.21392053431,308.83837823197024,308.0911831024925,306.429632241457,303.8162040751076,301.85437464193814,308.67784378104625,3.1288101181460553,306.7346682777228,3.478528399110704,306.0825921721012,5.643798678081381
2022-08-17,318.2142685198229,2,8,17,3,229,0,313.7414589683174,310.61412931366925,309.21392053431,308.83837823197024,308.0911831024925,306.429632241457,303.8162040751076,310.7347101302913,4.0089416402558715,307.5055806175898,4.643368188399435,307.04644313094843,5.1237481261395
2022-08-18,322.79579910292887,3,8,18,3,230,0,318.2142685198229,313.7414589683174,310.61412931366925,309.21392053431,308.83837823197024,308.0911831024925,306.429632241457,313.07273396764447,5.554298062140462,308.57783271078387,6.188750685909495,308.0526838657551,5.154662018636076
2022-08-19,326.2264303590478,4,8,19,3,231,0,322.79579910292887,318.2142685198229,313.7414589683174,310.61412931366925,309.21392053431,308.83837823197024,308.0911831024925,315.6634835757238,6.907982783120703,309.942085308565,7.752019287067663,309.01875905233504,5.7415840353959435
2022-08-20,328.0089599674782,5,8,20,3,232,1,326.2264303590478,322.79579910292887,318.2142685198229,313.7414589683174,310.61412931366925,309.21392053431,308.83837823197024,318.40213810936774,7.52383413554144,311.57332275949256,8.976983863415978,309.9023034278952,6.530363630517293
2022-08-21,329.04453523256905,6,8,21,3,233,1,328.0089599674782,326.2264303590478,322.79579910292887,318.2142685198229,313.7414589683174,310.61412931366925,309.21392053431,321.2350830662619,7.214646156888046,313.44765018757204,9.714299740423312,310.7192290006657,7.321058129853018
2022-08-22,330.41310564569585,0,8,22,3,234,0,329.04453523256905,328.0089599674782,326.2264303590478,322.79579910292887,318.2142685198229,313.7414589683174,310.61412931366925,324.0635082565514,6.16087428142334,315.52159856691463,10.033434360377552,311.5324253070051,8.094783506371048
2022-08-23,333.0435969336808,1,8,23,3,235,0,330.41310564569585,329.04453523256905,328.0089599674782,326.2264303590478,322.79579910292887,318.2142685198229,313.7414589683174,326.8209565373176,4.976794072855861,317.7494001591819,10.226103414973123,312.4224657431814,8.92935665038756
2022-08-24,336.29274554784854,2,8,24,3,236,0,333.0435969336808,330.41310564569585,329.04453523256905,328.0089599674782,326.2264303590478,322.79579910292887,318.2142685198229,329.4035961127499,4.426443148004051,320.0691531215206,10.502144965879829,313.40003567151865,9.867419397350526
2022-08-25,339.35792894026423,3,8,25,3,237,0,336.29274554784854,333.0435969336808,330.41310564569585,329.04453523256905,328.0089599674782,326.2264303590478,322.79579910292887,331.76961466094065,4.722284898583024,322.4211743142926,10.892509517190723,314.4201008424904,10.89865845134081
2022-08-26,340.5970668805141,4,8,26,3,238,0,339.35792894026423,336.29274554784854,333.0435969336808,330.41310564569585,329.04453523256905,328.0089599674782,326.2264303590478,333.82256273543584,5.024849879820445,324.7430231555798,11.066055514433108,315.40062277219516,11.876583238962182
2022-08-27,339.9577938860808,5,8,27,3,239,1,340.5970668805141,339.35792894026423,336.29274554784854,333.0435969336808,330.41310564569585,329.04453523256905,328.0089599674782,335.5295390095219,4.7423869871365385,326.9658385594448,10.74640334176637,316.2939817618528,12.682627085006672
2022-08-28,338.39889178035503,6,8,28,3,240,1,339.9577938860808,340.5970668805141,339.35792894026423,336.29274554784854,333.0435969336808,330.41310564569585,329.04453523256905,336.86587565920564,3.8431486193386064,329.05047936273377,9.829513379729962,317.1224083331221,13.29390488976782
2022-08-29,336.9985398475365,0,8,29,3,241,0,338.39889178035503,339.9577938860808,340.5970668805141,339.35792894026423,336.29274554784854,333.0435969336808,330.41310564569585,337.8066519737543,2.6077668058911225,330.93508011515286,8.456221719784143,317.9478983747259,13.74124020026633
2022-08-30,336.8602217354381,1,8,30,3,242,0,336.9985398475365,338.39889178035503,339.9577938860808,340.5970668805141,339.35792894026423,336.29274554784854,333.0435969336808,338.35188408829106,1.6798202658626766,332.58642031280436,6.966456266480087,318.84901926245425,14.072703619186381
2022-08-31,337.49373523179304,2,8,31,3,243,0,336.8602217354381,336.9985398475365,338.39889178035503,339.9577938860808,340.5970668805141,339.35792894026423,336.29274554784854,338.52345404314025,1.4844241834766214,333.96352507794506,5.696711702926163,319.8390920430739,14.310761746646085
2022-09-01,338.036470701453,3,9,1,3,244,0,337.49373523179304,336.8602217354381,336.9985398475365,338.39889178035503,339.9577938860808,340.5970668805141,339.35792894026423,338.3346742947387,1.4440931875659846,335.05214447783965,4.781070903298208,320.8675148733542,14.477565712136808
2022-09-02,337.2303787878163,4,9,2,3,245,0,338.036470701453,337.49373523179304,336.8602217354381,336.9985398475365,338.39889178035503,339.9577938860808,340.5970668805141,337.8537188529247,1.0796799063929914,335.8381407941803,4.0701986234187455,321.8611443075586,14.545678658535923
2022-09-03,335.1020352540953,5,9,3,3,246,1,337.2303787878163,338.036470701453,337.49373523179304,336.8602217354381,336.9985398475365,338.39889178035503,339.9577938860808,337.1600390483553,1.0622728294917971,336.34478902893864,3.4083246924485033,322.77173648942136,14.489013334652443
2022-09-04,332.24267212467566,6,9,4,3,247,1,335.1020352540953,337.2303787878163,338.036470701453,337.49373523179304,336.8602217354381,336.9985398475365,338.39889178035503,336.280579097544,2.0000889197154232,336.57322737837484,2.9589484126177443,323.60892909390685,14.277936313995863
2022-09-05,330.35709651153746,0,9,5,3,248,0,332.24267212467566,335.1020352540953,337.2303787878163,338.036470701453,337.49373523179304,336.8602217354381,336.9985398475365,335.3318014781156,2.9516396468999213,336.5692267259349,2.967942091106165,324.4484444558083,13.89168057786858
2022-09-06,330.27390951309707,1,9,6,3,249,0,330.35709651153746,332.24267212467566,335.1020352540953,337.2303787878163,338.036470701453,337.49373523179304,336.8602217354381,334.3908997320668,3.399073148366938,336.37139191017894,3.295286331760605,325.36410973159633,13.308907515814921
2022-09-07,331.5790359700881,2,9,7,3,250,0,330.27390951309707,330.35709651153746,332.24267212467566,335.1020352540953,337.2303787878163,338.036470701453,337.49373523179304,333.54594269468043,3.2301576979064115,336.03469836891026,3.5359610894974463,326.37081665276935,12.552734839846204
2022-09-08,333.24537068007373,3,9,8,3,251,0,331.5790359700881,330.27390951309707,330.35709651153746,332.24267212467566,335.1020352540953,337.2303787878163,338.036470701453,332.86149983448337,2.5576610432939066,335.598087064611,3.470833930323094,327.41718318737384,11.719303973810964
2022-09-09,334.1002880635245,4,9,9,3,252,0,333.24537068007373,331.5790359700881,330.27390951309707,330.35709651153746,332.24267212467566,335.1020352540953,337.2303787878163,332.4143440167274,1.8392767946653177,335.134031434826,3.172546685076029,328.42665265365434,10.891324134871656
2022-09-10,334.03916295674543,5,9,10,3,253,1,334.1002880635245,333.24537068007373,331.5790359700881,330.27390951309707,330.35709651153746,332.24267212467566,335.1020352540953,332.26250511710595,1.610000093411793,334.7112720827307,2.85917656674914,329.346970344164,10.106722116489221
2022-09-11,333.71748723185897,6,9,11,3,254,1,334.03916295674543,334.1002880635245,333.24537068007373,331.5790359700881,330.27390951309707,330.35709651153746,332.24267212467566,332.47319298956074,1.70090445323367,334.3768860435524,2.661654362476494,330.20118048180956,9.2989280140106
2022-09-12,334.4069719033324,0,9,12,3,255,0,333.71748723185897,334.03916295674543,334.1002880635245,333.24537068007373,331.5790359700881,330.27390951309707,330.35709651153746,333.05174661696003,1.5425640040090058,334.1917740475378,2.5532085013058974,331.05346693752165,8.401886897105223
2022-09-13,337.1360586953784,1,9,13,3,256,0,334.4069719033324,333.71748723185897,334.03916295674543,334.1002880635245,333.24537068007373,331.5790359700881,330.27390951309707,334.0320536430002,1.659077824172801,334.2114766875335,2.5763438878940743,331.9842048762239,7.384053978580768
2022-09-14,341.2050155916041,2,9,14,3,257,0,337.1360586953784,334.4069719033324,333.71748723185897,334.03916295674543,334.1002880635245,333.24537068007373,331.5790359700881,335.4071935889311,2.849334825188827,334.4765681418057,3.0814664131090104,333.00390108548834,6.37439152342424
2022-09-15,345.5092483254865,3,9,15,3,258,0,341.2050155916041,337.1360586953784,334.4069719033324,333.71748723185897,334.03916295674543,334.1002880635245,333.24537068007373,337.15917610970433,4.557122374474792,335.01033797209385,4.19247531870702,334.0628273973941,5.663115496813973
2022-09-16,348.8830832081356,4,9,16,3,259,0,345.5092483254865,341.2050155916041,337.1360586953784,334.4069719033324,333.71748723185897,334.03916295674543,334.1002880635245,339.27100398750594,6.075616137355794,335.84267400211667,5.5906828693817125,335.0851212203378,5.468297537387386
2022-09-17,350.8781866186324,5,9,17,3,260,1,348.8830832081356,345.5092483254865,341.2050155916041,337.1360586953784,334.4069719033324,333.71748723185897,334.03916295674543,341.6765787963469,6.932119272219257,336.96954195672646,6.872828377383186,336.02120080419456,5.691106757748102
2022-09-18,352.10026268652126,6,9,18,3,261,1,350.8781866186324,348.8830832081356,345.5092483254865,341.2050155916041,337.1360586953784,334.4069719033324,333.71748723185897,344.30268957558434,6.896333665581748,338.38794128257257,7.807759587509731,336.88366188177696,6.101316187418348
2022-09-19,354.0891517372681,0,9,19,3,262,0,352.10026268652126,350.8781866186324,348.8830832081356,345.5092483254865,341.2050155916041,337.1360586953784,334.4069719033324,347.11442955186095,6.162588061521072,340.0830880844105,8.477566103826714,337.7530016074367,6.628443718338372
2022-09-20,357.2590903455889,1,9,20,3,263,0,354.0891517372681,352.10026268652126,350.8781866186324,348.8830832081356,345.5092483254865,341.2050155916041,337.1360586953784,349.9891483590339,5.375300764051978,342.01060100101705,9.119208115090192,338.69348677787065,7.3161758860489075
2022-09-21,361.3573672542792,2,9,21,3,264,0,357.2590903455889,354.0891517372681,352.10026268652126,350.8781866186324,348.8830832081356,345.5092483254865,341.2050155916041,352.868055739416,5.282389110127211,344.13762466417353,9.9352520643774,339.72496216482347,8.23247350563963
2022-09-22,365.1848619881361,3,9,22,3,265,0,361.3573672542792,357.2590903455889,354.0891517372681,352.10026268652126,350.8781866186324,348.8830832081356,345.5092483254865,355.6788576912231,5.91141867620004,346.4190169004637,10.86525347925871,340.7963376666386,9.34873304028176
2022-09-23,367.5263053136576,4,9,23,3,266,0,365.1848619881361,361.3573672542792,357.2590903455889,354.0891517372681,352.10026268652126,350.8781866186324,348.8830832081356,358.34217513486914,6.5089152999800985,348.80658956118754,11.59793758272912,341.837456325499,10.498368446111005
2022-09-24,367.8240285749812,5,9,24,3,267,1,367.5263053136576,365.1848619881361,361.3573672542792,357.2590903455889,354.0891517372681,352.10026268652126,350.8781866186324,360.7630097000618,6.4208931159524125,351.2197942482043,11.801937038903132,342.78632631332283,11.50472124149149
2022-09-25,367.0328925259585,6,9,25,3,268,1,367.8240285749812,367.5263053136576,365.1848619881361,361.3573672542792,357.2590903455889,354.0891517372681,352.10026268652126,362.89624253426706,5.473887695143345,353.5994660549257,11.351577077327663,343.6675205015043,12.315126295864067
2022-09-26,366.5803384776557,0,9,26,3,269,0,367.0328925259585,367.8240285749812,367.5263053136576,365.1848619881361,361.3573672542792,357.2590903455889,354.0891517372681,364.6806977828939,3.947539948442361,355.89756366737737,10.382572706370379,344.55493865455685,12.979848521385735
